{
  "f46876e4-e81b-4931-b493-6d367be385e7": {
    "assetUuid": "f46876e4-e81b-4931-b493-6d367be385e7",
    "animationUuid": "",
    "expandLevels": [
      "0",
      "0_2"
    ]
  },
  "daba5015-a58b-4b06-9933-cdab3cda0f07": {
    "assetUuid": "daba5015-a58b-4b06-9933-cdab3cda0f07",
    "animationUuid": "",
    "expandLevels": [
      "0",
      "0_1_0_0",
      "0_1_1",
      "0_4",
      "0_4_1_0",
      "0_4_1_1_0",
      "0_4_3",
      "0_4_4"
    ]
  },
  "6cd4e8c1-b63f-4bbb-b3db-b323fa08b435": {
    "assetUuid": "6cd4e8c1-b63f-4bbb-b3db-b323fa08b435",
    "animationUuid": "",
    "expandLevels": [
      "0"
    ]
  }
}
