[
    1,
    0,
    0,
    [
        [
            "cc.Mesh",
            [
                "_native",
                "_hash",
                "_struct"
            ],
            1,
            11
        ]
    ],
    [
        [
            0,
            0,
            1,
            2,
            3
        ]
    ],
    [
        [
            0,
            ".bin",
            4194113562,
            [
                {
                    "primitives": [
                        {
                            "primitiveMode": 7,
                            "jointMapIndex": 0,
                            "vertexBundelIndices": [
                                0
                            ],
                            "indexView": {
                                "offset": 11592,
                                "length": 1824,
                                "count": 912,
                                "stride": 2
                            }
                        }
                    ],
                    "vertexBundles": [
                        {
                            "view": {
                                "offset": 0,
                                "length": 11592,
                                "count": 161,
                                "stride": 72
                            },
                            "attributes": [
                                {
                                    "name": "a_position",
                                    "format": 32,
                                    "isNormalized": false
                                },
                                {
                                    "name": "a_normal",
                                    "format": 32,
                                    "isNormalized": false
                                },
                                {
                                    "name": "a_texCoord",
                                    "format": 21,
                                    "isNormalized": false
                                },
                                {
                                    "name": "a_tangent",
                                    "format": 44,
                                    "isNormalized": false
                                },
                                {
                                    "name": "a_joints",
                                    "format": 42,
                                    "isNormalized": false
                                },
                                {
                                    "name": "a_weights",
                                    "format": 44,
                                    "isNormalized": false
                                }
                            ]
                        }
                    ],
                    "jointMaps": [
                        [
                            0,
                            3
                        ]
                    ]
                },
                "minPosition",
                8,
                [
                    1,
                    -0.8866992592811584,
                    2.8476545810699463,
                    -0.8987371921539307
                ],
                "maxPosition",
                8,
                [
                    1,
                    0.8866991400718689,
                    4.560068130493164,
                    0.8987413048744202
                ]
            ]
        ],
        -1
    ],
    0,
    0,
    [],
    [],
    []
]
