[
  {
    "__type__": "cc.Prefab",
    "_name": "",
    "_objFlags": 0,
    "_native": "",
    "data": {
      "__id__": 1
    },
    "optimizationPolicy": 0,
    "persistent": false
  },
  {
    "__type__": "cc.Node",
    "_name": "cocos_anim_idle",
    "_objFlags": 0,
    "_parent": null,
    "_children": [
      {
        "__id__": 2
      }
    ],
    "_active": true,
    "_components": [
      {
        "__id__": 106
      }
    ],
    "_prefab": {
      "__id__": 108
    },
    "_lpos": {
      "__type__": "cc.Vec3",
      "x": 0,
      "y": 0,
      "z": 0
    },
    "_lrot": {
      "__type__": "cc.Quat",
      "x": 0,
      "y": 0,
      "z": 0,
      "w": 1
    },
    "_lscale": {
      "__type__": "cc.Vec3",
      "x": 1,
      "y": 1,
      "z": 1
    },
    "_mobility": 0,
    "_layer": 1073741824,
    "_euler": {
      "__type__": "cc.Vec3",
      "x": 0,
      "y": 0,
      "z": 0
    },
    "_id": ""
  },
  {
    "__type__": "cc.Node",
    "_name": "Bip002",
    "_objFlags": 0,
    "_parent": {
      "__id__": 1
    },
    "_children": [
      {
        "__id__": 3
      }
    ],
    "_active": true,
    "_components": [],
    "_prefab": {
      "__id__": 105
    },
    "_lpos": {
      "__type__": "cc.Vec3",
      "x": 0,
      "y": 0,
      "z": 0
    },
    "_lrot": {
      "__type__": "cc.Quat",
      "x": 0,
      "y": 0,
      "z": 0,
      "w": 1
    },
    "_lscale": {
      "__type__": "cc.Vec3",
      "x": 1,
      "y": 1,
      "z": 1
    },
    "_mobility": 0,
    "_layer": 1073741824,
    "_euler": {
      "__type__": "cc.Vec3",
      "x": 0,
      "y": 0,
      "z": 0
    },
    "_id": ""
  },
  {
    "__type__": "cc.Node",
    "_name": "Bip002 Pelvis",
    "_objFlags": 0,
    "_parent": {
      "__id__": 2
    },
    "_children": [
      {
        "__id__": 4
      }
    ],
    "_active": true,
    "_components": [],
    "_prefab": {
      "__id__": 104
    },
    "_lpos": {
      "__type__": "cc.Vec3",
      "x": 0,
      "y": 0,
      "z": 0
    },
    "_lrot": {
      "__type__": "cc.Quat",
      "x": 0,
      "y": 0,
      "z": 0,
      "w": 1
    },
    "_lscale": {
      "__type__": "cc.Vec3",
      "x": 1,
      "y": 1,
      "z": 1
    },
    "_mobility": 0,
    "_layer": 1073741824,
    "_euler": {
      "__type__": "cc.Vec3",
      "x": 0,
      "y": 0,
      "z": 0
    },
    "_id": ""
  },
  {
    "__type__": "cc.Node",
    "_name": "Bip002 Spine",
    "_objFlags": 0,
    "_parent": {
      "__id__": 3
    },
    "_children": [
      {
        "__id__": 5
      },
      {
        "__id__": 87
      },
      {
        "__id__": 95
      }
    ],
    "_active": true,
    "_components": [],
    "_prefab": {
      "__id__": 103
    },
    "_lpos": {
      "__type__": "cc.Vec3",
      "x": 0,
      "y": 0,
      "z": 0
    },
    "_lrot": {
      "__type__": "cc.Quat",
      "x": 0,
      "y": 0,
      "z": 0,
      "w": 1
    },
    "_lscale": {
      "__type__": "cc.Vec3",
      "x": 1,
      "y": 1,
      "z": 1
    },
    "_mobility": 0,
    "_layer": 1073741824,
    "_euler": {
      "__type__": "cc.Vec3",
      "x": 0,
      "y": 0,
      "z": 0
    },
    "_id": ""
  },
  {
    "__type__": "cc.Node",
    "_name": "Bip002 Spine1",
    "_objFlags": 0,
    "_parent": {
      "__id__": 4
    },
    "_children": [
      {
        "__id__": 6
      }
    ],
    "_active": true,
    "_components": [],
    "_prefab": {
      "__id__": 86
    },
    "_lpos": {
      "__type__": "cc.Vec3",
      "x": 0,
      "y": 0,
      "z": 0
    },
    "_lrot": {
      "__type__": "cc.Quat",
      "x": 0,
      "y": 0,
      "z": 0,
      "w": 1
    },
    "_lscale": {
      "__type__": "cc.Vec3",
      "x": 1,
      "y": 1,
      "z": 1
    },
    "_mobility": 0,
    "_layer": 1073741824,
    "_euler": {
      "__type__": "cc.Vec3",
      "x": 0,
      "y": 0,
      "z": 0
    },
    "_id": ""
  },
  {
    "__type__": "cc.Node",
    "_name": "Bip002 Neck",
    "_objFlags": 0,
    "_parent": {
      "__id__": 5
    },
    "_children": [
      {
        "__id__": 7
      },
      {
        "__id__": 45
      },
      {
        "__id__": 83
      }
    ],
    "_active": true,
    "_components": [],
    "_prefab": {
      "__id__": 85
    },
    "_lpos": {
      "__type__": "cc.Vec3",
      "x": 0,
      "y": 0,
      "z": 0
    },
    "_lrot": {
      "__type__": "cc.Quat",
      "x": 0,
      "y": 0,
      "z": 0,
      "w": 1
    },
    "_lscale": {
      "__type__": "cc.Vec3",
      "x": 1,
      "y": 1,
      "z": 1
    },
    "_mobility": 0,
    "_layer": 1073741824,
    "_euler": {
      "__type__": "cc.Vec3",
      "x": 0,
      "y": 0,
      "z": 0
    },
    "_id": ""
  },
  {
    "__type__": "cc.Node",
    "_name": "Bip002 L Clavicle",
    "_objFlags": 0,
    "_parent": {
      "__id__": 6
    },
    "_children": [
      {
        "__id__": 8
      }
    ],
    "_active": true,
    "_components": [],
    "_prefab": {
      "__id__": 44
    },
    "_lpos": {
      "__type__": "cc.Vec3",
      "x": 0,
      "y": 0,
      "z": 0
    },
    "_lrot": {
      "__type__": "cc.Quat",
      "x": 0,
      "y": 0,
      "z": 0,
      "w": 1
    },
    "_lscale": {
      "__type__": "cc.Vec3",
      "x": 1,
      "y": 1,
      "z": 1
    },
    "_mobility": 0,
    "_layer": 1073741824,
    "_euler": {
      "__type__": "cc.Vec3",
      "x": 0,
      "y": 0,
      "z": 0
    },
    "_id": ""
  },
  {
    "__type__": "cc.Node",
    "_name": "Bip002 L UpperArm",
    "_objFlags": 0,
    "_parent": {
      "__id__": 7
    },
    "_children": [
      {
        "__id__": 9
      }
    ],
    "_active": true,
    "_components": [],
    "_prefab": {
      "__id__": 43
    },
    "_lpos": {
      "__type__": "cc.Vec3",
      "x": 0,
      "y": 0,
      "z": 0
    },
    "_lrot": {
      "__type__": "cc.Quat",
      "x": 0,
      "y": 0,
      "z": 0,
      "w": 1
    },
    "_lscale": {
      "__type__": "cc.Vec3",
      "x": 1,
      "y": 1,
      "z": 1
    },
    "_mobility": 0,
    "_layer": 1073741824,
    "_euler": {
      "__type__": "cc.Vec3",
      "x": 0,
      "y": 0,
      "z": 0
    },
    "_id": ""
  },
  {
    "__type__": "cc.Node",
    "_name": "Bip002 L Forearm",
    "_objFlags": 0,
    "_parent": {
      "__id__": 8
    },
    "_children": [
      {
        "__id__": 10
      }
    ],
    "_active": true,
    "_components": [],
    "_prefab": {
      "__id__": 42
    },
    "_lpos": {
      "__type__": "cc.Vec3",
      "x": 0,
      "y": 0,
      "z": 0
    },
    "_lrot": {
      "__type__": "cc.Quat",
      "x": 0,
      "y": 0,
      "z": 0,
      "w": 1
    },
    "_lscale": {
      "__type__": "cc.Vec3",
      "x": 1,
      "y": 1,
      "z": 1
    },
    "_mobility": 0,
    "_layer": 1073741824,
    "_euler": {
      "__type__": "cc.Vec3",
      "x": 0,
      "y": 0,
      "z": 0
    },
    "_id": ""
  },
  {
    "__type__": "cc.Node",
    "_name": "Bip002 L Hand",
    "_objFlags": 0,
    "_parent": {
      "__id__": 9
    },
    "_children": [
      {
        "__id__": 11
      },
      {
        "__id__": 17
      },
      {
        "__id__": 23
      },
      {
        "__id__": 29
      },
      {
        "__id__": 35
      }
    ],
    "_active": true,
    "_components": [],
    "_prefab": {
      "__id__": 41
    },
    "_lpos": {
      "__type__": "cc.Vec3",
      "x": 0,
      "y": 0,
      "z": 0
    },
    "_lrot": {
      "__type__": "cc.Quat",
      "x": 0,
      "y": 0,
      "z": 0,
      "w": 1
    },
    "_lscale": {
      "__type__": "cc.Vec3",
      "x": 1,
      "y": 1,
      "z": 1
    },
    "_mobility": 0,
    "_layer": 1073741824,
    "_euler": {
      "__type__": "cc.Vec3",
      "x": 0,
      "y": 0,
      "z": 0
    },
    "_id": ""
  },
  {
    "__type__": "cc.Node",
    "_name": "Bip002 L Finger0",
    "_objFlags": 0,
    "_parent": {
      "__id__": 10
    },
    "_children": [
      {
        "__id__": 12
      }
    ],
    "_active": true,
    "_components": [],
    "_prefab": {
      "__id__": 16
    },
    "_lpos": {
      "__type__": "cc.Vec3",
      "x": 0,
      "y": 0,
      "z": 0
    },
    "_lrot": {
      "__type__": "cc.Quat",
      "x": 0,
      "y": 0,
      "z": 0,
      "w": 1
    },
    "_lscale": {
      "__type__": "cc.Vec3",
      "x": 1,
      "y": 1,
      "z": 1
    },
    "_mobility": 0,
    "_layer": 1073741824,
    "_euler": {
      "__type__": "cc.Vec3",
      "x": 0,
      "y": 0,
      "z": 0
    },
    "_id": ""
  },
  {
    "__type__": "cc.Node",
    "_name": "Bip002 L Finger01",
    "_objFlags": 0,
    "_parent": {
      "__id__": 11
    },
    "_children": [
      {
        "__id__": 13
      }
    ],
    "_active": true,
    "_components": [],
    "_prefab": {
      "__id__": 15
    },
    "_lpos": {
      "__type__": "cc.Vec3",
      "x": 0,
      "y": 0,
      "z": 0
    },
    "_lrot": {
      "__type__": "cc.Quat",
      "x": 0,
      "y": 0,
      "z": 0,
      "w": 1
    },
    "_lscale": {
      "__type__": "cc.Vec3",
      "x": 1,
      "y": 1,
      "z": 1
    },
    "_mobility": 0,
    "_layer": 1073741824,
    "_euler": {
      "__type__": "cc.Vec3",
      "x": 0,
      "y": 0,
      "z": 0
    },
    "_id": ""
  },
  {
    "__type__": "cc.Node",
    "_name": "Bip002 L Finger02",
    "_objFlags": 0,
    "_parent": {
      "__id__": 12
    },
    "_children": [],
    "_active": true,
    "_components": [],
    "_prefab": {
      "__id__": 14
    },
    "_lpos": {
      "__type__": "cc.Vec3",
      "x": 0,
      "y": 0,
      "z": 0
    },
    "_lrot": {
      "__type__": "cc.Quat",
      "x": 0,
      "y": 0,
      "z": 0,
      "w": 1
    },
    "_lscale": {
      "__type__": "cc.Vec3",
      "x": 1,
      "y": 1,
      "z": 1
    },
    "_mobility": 0,
    "_layer": 1073741824,
    "_euler": {
      "__type__": "cc.Vec3",
      "x": 0,
      "y": 0,
      "z": 0
    },
    "_id": ""
  },
  {
    "__type__": "cc.PrefabInfo",
    "root": {
      "__id__": 1
    },
    "asset": {
      "__id__": 0
    },
    "fileId": "adaA1egxFWBYpQPbKeSIUx",
    "instance": null,
    "targetOverrides": null,
    "nestedPrefabInstanceRoots": null
  },
  {
    "__type__": "cc.PrefabInfo",
    "root": {
      "__id__": 1
    },
    "asset": {
      "__id__": 0
    },
    "fileId": "29gC1jixVesplgmUT+cfJj",
    "instance": null,
    "targetOverrides": null,
    "nestedPrefabInstanceRoots": null
  },
  {
    "__type__": "cc.PrefabInfo",
    "root": {
      "__id__": 1
    },
    "asset": {
      "__id__": 0
    },
    "fileId": "f5P9lzWkRQoYXpfD/kl2fO",
    "instance": null,
    "targetOverrides": null,
    "nestedPrefabInstanceRoots": null
  },
  {
    "__type__": "cc.Node",
    "_name": "Bip002 L Finger1",
    "_objFlags": 0,
    "_parent": {
      "__id__": 10
    },
    "_children": [
      {
        "__id__": 18
      }
    ],
    "_active": true,
    "_components": [],
    "_prefab": {
      "__id__": 22
    },
    "_lpos": {
      "__type__": "cc.Vec3",
      "x": 0,
      "y": 0,
      "z": 0
    },
    "_lrot": {
      "__type__": "cc.Quat",
      "x": 0,
      "y": 0,
      "z": 0,
      "w": 1
    },
    "_lscale": {
      "__type__": "cc.Vec3",
      "x": 1,
      "y": 1,
      "z": 1
    },
    "_mobility": 0,
    "_layer": 1073741824,
    "_euler": {
      "__type__": "cc.Vec3",
      "x": 0,
      "y": 0,
      "z": 0
    },
    "_id": ""
  },
  {
    "__type__": "cc.Node",
    "_name": "Bip002 L Finger11",
    "_objFlags": 0,
    "_parent": {
      "__id__": 17
    },
    "_children": [
      {
        "__id__": 19
      }
    ],
    "_active": true,
    "_components": [],
    "_prefab": {
      "__id__": 21
    },
    "_lpos": {
      "__type__": "cc.Vec3",
      "x": 0,
      "y": 0,
      "z": 0
    },
    "_lrot": {
      "__type__": "cc.Quat",
      "x": 0,
      "y": 0,
      "z": 0,
      "w": 1
    },
    "_lscale": {
      "__type__": "cc.Vec3",
      "x": 1,
      "y": 1,
      "z": 1
    },
    "_mobility": 0,
    "_layer": 1073741824,
    "_euler": {
      "__type__": "cc.Vec3",
      "x": 0,
      "y": 0,
      "z": 0
    },
    "_id": ""
  },
  {
    "__type__": "cc.Node",
    "_name": "Bip002 L Finger12",
    "_objFlags": 0,
    "_parent": {
      "__id__": 18
    },
    "_children": [],
    "_active": true,
    "_components": [],
    "_prefab": {
      "__id__": 20
    },
    "_lpos": {
      "__type__": "cc.Vec3",
      "x": 0,
      "y": 0,
      "z": 0
    },
    "_lrot": {
      "__type__": "cc.Quat",
      "x": 0,
      "y": 0,
      "z": 0,
      "w": 1
    },
    "_lscale": {
      "__type__": "cc.Vec3",
      "x": 1,
      "y": 1,
      "z": 1
    },
    "_mobility": 0,
    "_layer": 1073741824,
    "_euler": {
      "__type__": "cc.Vec3",
      "x": 0,
      "y": 0,
      "z": 0
    },
    "_id": ""
  },
  {
    "__type__": "cc.PrefabInfo",
    "root": {
      "__id__": 1
    },
    "asset": {
      "__id__": 0
    },
    "fileId": "f8vmrLw8Ndb6g196bOKTEX",
    "instance": null,
    "targetOverrides": null,
    "nestedPrefabInstanceRoots": null
  },
  {
    "__type__": "cc.PrefabInfo",
    "root": {
      "__id__": 1
    },
    "asset": {
      "__id__": 0
    },
    "fileId": "7cCcjtWKpUVokB31oeBGeF",
    "instance": null,
    "targetOverrides": null,
    "nestedPrefabInstanceRoots": null
  },
  {
    "__type__": "cc.PrefabInfo",
    "root": {
      "__id__": 1
    },
    "asset": {
      "__id__": 0
    },
    "fileId": "a4I/tvqWJdsaYDgpOueqpj",
    "instance": null,
    "targetOverrides": null,
    "nestedPrefabInstanceRoots": null
  },
  {
    "__type__": "cc.Node",
    "_name": "Bip002 L Finger2",
    "_objFlags": 0,
    "_parent": {
      "__id__": 10
    },
    "_children": [
      {
        "__id__": 24
      }
    ],
    "_active": true,
    "_components": [],
    "_prefab": {
      "__id__": 28
    },
    "_lpos": {
      "__type__": "cc.Vec3",
      "x": 0,
      "y": 0,
      "z": 0
    },
    "_lrot": {
      "__type__": "cc.Quat",
      "x": 0,
      "y": 0,
      "z": 0,
      "w": 1
    },
    "_lscale": {
      "__type__": "cc.Vec3",
      "x": 1,
      "y": 1,
      "z": 1
    },
    "_mobility": 0,
    "_layer": 1073741824,
    "_euler": {
      "__type__": "cc.Vec3",
      "x": 0,
      "y": 0,
      "z": 0
    },
    "_id": ""
  },
  {
    "__type__": "cc.Node",
    "_name": "Bip002 L Finger21",
    "_objFlags": 0,
    "_parent": {
      "__id__": 23
    },
    "_children": [
      {
        "__id__": 25
      }
    ],
    "_active": true,
    "_components": [],
    "_prefab": {
      "__id__": 27
    },
    "_lpos": {
      "__type__": "cc.Vec3",
      "x": 0,
      "y": 0,
      "z": 0
    },
    "_lrot": {
      "__type__": "cc.Quat",
      "x": 0,
      "y": 0,
      "z": 0,
      "w": 1
    },
    "_lscale": {
      "__type__": "cc.Vec3",
      "x": 1,
      "y": 1,
      "z": 1
    },
    "_mobility": 0,
    "_layer": 1073741824,
    "_euler": {
      "__type__": "cc.Vec3",
      "x": 0,
      "y": 0,
      "z": 0
    },
    "_id": ""
  },
  {
    "__type__": "cc.Node",
    "_name": "Bip002 L Finger22",
    "_objFlags": 0,
    "_parent": {
      "__id__": 24
    },
    "_children": [],
    "_active": true,
    "_components": [],
    "_prefab": {
      "__id__": 26
    },
    "_lpos": {
      "__type__": "cc.Vec3",
      "x": 0,
      "y": 0,
      "z": 0
    },
    "_lrot": {
      "__type__": "cc.Quat",
      "x": 0,
      "y": 0,
      "z": 0,
      "w": 1
    },
    "_lscale": {
      "__type__": "cc.Vec3",
      "x": 1,
      "y": 1,
      "z": 1
    },
    "_mobility": 0,
    "_layer": 1073741824,
    "_euler": {
      "__type__": "cc.Vec3",
      "x": 0,
      "y": 0,
      "z": 0
    },
    "_id": ""
  },
  {
    "__type__": "cc.PrefabInfo",
    "root": {
      "__id__": 1
    },
    "asset": {
      "__id__": 0
    },
    "fileId": "15QrzlxC5aJpNUUjYO+5EQ",
    "instance": null,
    "targetOverrides": null,
    "nestedPrefabInstanceRoots": null
  },
  {
    "__type__": "cc.PrefabInfo",
    "root": {
      "__id__": 1
    },
    "asset": {
      "__id__": 0
    },
    "fileId": "00DNlA0jtZaYjB3FumCMbx",
    "instance": null,
    "targetOverrides": null,
    "nestedPrefabInstanceRoots": null
  },
  {
    "__type__": "cc.PrefabInfo",
    "root": {
      "__id__": 1
    },
    "asset": {
      "__id__": 0
    },
    "fileId": "d7xWwcyLZW161Tp2MiAFW5",
    "instance": null,
    "targetOverrides": null,
    "nestedPrefabInstanceRoots": null
  },
  {
    "__type__": "cc.Node",
    "_name": "Bip002 L Finger3",
    "_objFlags": 0,
    "_parent": {
      "__id__": 10
    },
    "_children": [
      {
        "__id__": 30
      }
    ],
    "_active": true,
    "_components": [],
    "_prefab": {
      "__id__": 34
    },
    "_lpos": {
      "__type__": "cc.Vec3",
      "x": 0,
      "y": 0,
      "z": 0
    },
    "_lrot": {
      "__type__": "cc.Quat",
      "x": 0,
      "y": 0,
      "z": 0,
      "w": 1
    },
    "_lscale": {
      "__type__": "cc.Vec3",
      "x": 1,
      "y": 1,
      "z": 1
    },
    "_mobility": 0,
    "_layer": 1073741824,
    "_euler": {
      "__type__": "cc.Vec3",
      "x": 0,
      "y": 0,
      "z": 0
    },
    "_id": ""
  },
  {
    "__type__": "cc.Node",
    "_name": "Bip002 L Finger31",
    "_objFlags": 0,
    "_parent": {
      "__id__": 29
    },
    "_children": [
      {
        "__id__": 31
      }
    ],
    "_active": true,
    "_components": [],
    "_prefab": {
      "__id__": 33
    },
    "_lpos": {
      "__type__": "cc.Vec3",
      "x": 0,
      "y": 0,
      "z": 0
    },
    "_lrot": {
      "__type__": "cc.Quat",
      "x": 0,
      "y": 0,
      "z": 0,
      "w": 1
    },
    "_lscale": {
      "__type__": "cc.Vec3",
      "x": 1,
      "y": 1,
      "z": 1
    },
    "_mobility": 0,
    "_layer": 1073741824,
    "_euler": {
      "__type__": "cc.Vec3",
      "x": 0,
      "y": 0,
      "z": 0
    },
    "_id": ""
  },
  {
    "__type__": "cc.Node",
    "_name": "Bip002 L Finger32",
    "_objFlags": 0,
    "_parent": {
      "__id__": 30
    },
    "_children": [],
    "_active": true,
    "_components": [],
    "_prefab": {
      "__id__": 32
    },
    "_lpos": {
      "__type__": "cc.Vec3",
      "x": 0,
      "y": 0,
      "z": 0
    },
    "_lrot": {
      "__type__": "cc.Quat",
      "x": 0,
      "y": 0,
      "z": 0,
      "w": 1
    },
    "_lscale": {
      "__type__": "cc.Vec3",
      "x": 1,
      "y": 1,
      "z": 1
    },
    "_mobility": 0,
    "_layer": 1073741824,
    "_euler": {
      "__type__": "cc.Vec3",
      "x": 0,
      "y": 0,
      "z": 0
    },
    "_id": ""
  },
  {
    "__type__": "cc.PrefabInfo",
    "root": {
      "__id__": 1
    },
    "asset": {
      "__id__": 0
    },
    "fileId": "4cfHEQ7j5ZVpIpaQxFX2eK",
    "instance": null,
    "targetOverrides": null,
    "nestedPrefabInstanceRoots": null
  },
  {
    "__type__": "cc.PrefabInfo",
    "root": {
      "__id__": 1
    },
    "asset": {
      "__id__": 0
    },
    "fileId": "abUAuSjb1abJZu2TuLMcPm",
    "instance": null,
    "targetOverrides": null,
    "nestedPrefabInstanceRoots": null
  },
  {
    "__type__": "cc.PrefabInfo",
    "root": {
      "__id__": 1
    },
    "asset": {
      "__id__": 0
    },
    "fileId": "00Qvu8BMNWAqeUAX5yt5DC",
    "instance": null,
    "targetOverrides": null,
    "nestedPrefabInstanceRoots": null
  },
  {
    "__type__": "cc.Node",
    "_name": "Bip002 L Finger4",
    "_objFlags": 0,
    "_parent": {
      "__id__": 10
    },
    "_children": [
      {
        "__id__": 36
      }
    ],
    "_active": true,
    "_components": [],
    "_prefab": {
      "__id__": 40
    },
    "_lpos": {
      "__type__": "cc.Vec3",
      "x": 0,
      "y": 0,
      "z": 0
    },
    "_lrot": {
      "__type__": "cc.Quat",
      "x": 0,
      "y": 0,
      "z": 0,
      "w": 1
    },
    "_lscale": {
      "__type__": "cc.Vec3",
      "x": 1,
      "y": 1,
      "z": 1
    },
    "_mobility": 0,
    "_layer": 1073741824,
    "_euler": {
      "__type__": "cc.Vec3",
      "x": 0,
      "y": 0,
      "z": 0
    },
    "_id": ""
  },
  {
    "__type__": "cc.Node",
    "_name": "Bip002 L Finger41",
    "_objFlags": 0,
    "_parent": {
      "__id__": 35
    },
    "_children": [
      {
        "__id__": 37
      }
    ],
    "_active": true,
    "_components": [],
    "_prefab": {
      "__id__": 39
    },
    "_lpos": {
      "__type__": "cc.Vec3",
      "x": 0,
      "y": 0,
      "z": 0
    },
    "_lrot": {
      "__type__": "cc.Quat",
      "x": 0,
      "y": 0,
      "z": 0,
      "w": 1
    },
    "_lscale": {
      "__type__": "cc.Vec3",
      "x": 1,
      "y": 1,
      "z": 1
    },
    "_mobility": 0,
    "_layer": 1073741824,
    "_euler": {
      "__type__": "cc.Vec3",
      "x": 0,
      "y": 0,
      "z": 0
    },
    "_id": ""
  },
  {
    "__type__": "cc.Node",
    "_name": "Bip002 L Finger42",
    "_objFlags": 0,
    "_parent": {
      "__id__": 36
    },
    "_children": [],
    "_active": true,
    "_components": [],
    "_prefab": {
      "__id__": 38
    },
    "_lpos": {
      "__type__": "cc.Vec3",
      "x": 0,
      "y": 0,
      "z": 0
    },
    "_lrot": {
      "__type__": "cc.Quat",
      "x": 0,
      "y": 0,
      "z": 0,
      "w": 1
    },
    "_lscale": {
      "__type__": "cc.Vec3",
      "x": 1,
      "y": 1,
      "z": 1
    },
    "_mobility": 0,
    "_layer": 1073741824,
    "_euler": {
      "__type__": "cc.Vec3",
      "x": 0,
      "y": 0,
      "z": 0
    },
    "_id": ""
  },
  {
    "__type__": "cc.PrefabInfo",
    "root": {
      "__id__": 1
    },
    "asset": {
      "__id__": 0
    },
    "fileId": "13/NfvwaRZ45/11cqDATCy",
    "instance": null,
    "targetOverrides": null,
    "nestedPrefabInstanceRoots": null
  },
  {
    "__type__": "cc.PrefabInfo",
    "root": {
      "__id__": 1
    },
    "asset": {
      "__id__": 0
    },
    "fileId": "b8jJ4lgedc7Y3lU6k2s4x3",
    "instance": null,
    "targetOverrides": null,
    "nestedPrefabInstanceRoots": null
  },
  {
    "__type__": "cc.PrefabInfo",
    "root": {
      "__id__": 1
    },
    "asset": {
      "__id__": 0
    },
    "fileId": "50OcJSUDxWTojDUltVRICY",
    "instance": null,
    "targetOverrides": null,
    "nestedPrefabInstanceRoots": null
  },
  {
    "__type__": "cc.PrefabInfo",
    "root": {
      "__id__": 1
    },
    "asset": {
      "__id__": 0
    },
    "fileId": "08f82rrKZRVLtFKNMy2CZE",
    "instance": null,
    "targetOverrides": null,
    "nestedPrefabInstanceRoots": null
  },
  {
    "__type__": "cc.PrefabInfo",
    "root": {
      "__id__": 1
    },
    "asset": {
      "__id__": 0
    },
    "fileId": "18L45WLeVf9IkNsH50UmO8",
    "instance": null,
    "targetOverrides": null,
    "nestedPrefabInstanceRoots": null
  },
  {
    "__type__": "cc.PrefabInfo",
    "root": {
      "__id__": 1
    },
    "asset": {
      "__id__": 0
    },
    "fileId": "02/TQaQbRZRr3uFO6lV3/C",
    "instance": null,
    "targetOverrides": null,
    "nestedPrefabInstanceRoots": null
  },
  {
    "__type__": "cc.PrefabInfo",
    "root": {
      "__id__": 1
    },
    "asset": {
      "__id__": 0
    },
    "fileId": "68g4UazeJahJTi85bU41s1",
    "instance": null,
    "targetOverrides": null,
    "nestedPrefabInstanceRoots": null
  },
  {
    "__type__": "cc.Node",
    "_name": "Bip002 R Clavicle",
    "_objFlags": 0,
    "_parent": {
      "__id__": 6
    },
    "_children": [
      {
        "__id__": 46
      }
    ],
    "_active": true,
    "_components": [],
    "_prefab": {
      "__id__": 82
    },
    "_lpos": {
      "__type__": "cc.Vec3",
      "x": 0,
      "y": 0,
      "z": 0
    },
    "_lrot": {
      "__type__": "cc.Quat",
      "x": 0,
      "y": 0,
      "z": 0,
      "w": 1
    },
    "_lscale": {
      "__type__": "cc.Vec3",
      "x": 1,
      "y": 1,
      "z": 1
    },
    "_mobility": 0,
    "_layer": 1073741824,
    "_euler": {
      "__type__": "cc.Vec3",
      "x": 0,
      "y": 0,
      "z": 0
    },
    "_id": ""
  },
  {
    "__type__": "cc.Node",
    "_name": "Bip002 R UpperArm",
    "_objFlags": 0,
    "_parent": {
      "__id__": 45
    },
    "_children": [
      {
        "__id__": 47
      }
    ],
    "_active": true,
    "_components": [],
    "_prefab": {
      "__id__": 81
    },
    "_lpos": {
      "__type__": "cc.Vec3",
      "x": 0,
      "y": 0,
      "z": 0
    },
    "_lrot": {
      "__type__": "cc.Quat",
      "x": 0,
      "y": 0,
      "z": 0,
      "w": 1
    },
    "_lscale": {
      "__type__": "cc.Vec3",
      "x": 1,
      "y": 1,
      "z": 1
    },
    "_mobility": 0,
    "_layer": 1073741824,
    "_euler": {
      "__type__": "cc.Vec3",
      "x": 0,
      "y": 0,
      "z": 0
    },
    "_id": ""
  },
  {
    "__type__": "cc.Node",
    "_name": "Bip002 R Forearm",
    "_objFlags": 0,
    "_parent": {
      "__id__": 46
    },
    "_children": [
      {
        "__id__": 48
      }
    ],
    "_active": true,
    "_components": [],
    "_prefab": {
      "__id__": 80
    },
    "_lpos": {
      "__type__": "cc.Vec3",
      "x": 0,
      "y": 0,
      "z": 0
    },
    "_lrot": {
      "__type__": "cc.Quat",
      "x": 0,
      "y": 0,
      "z": 0,
      "w": 1
    },
    "_lscale": {
      "__type__": "cc.Vec3",
      "x": 1,
      "y": 1,
      "z": 1
    },
    "_mobility": 0,
    "_layer": 1073741824,
    "_euler": {
      "__type__": "cc.Vec3",
      "x": 0,
      "y": 0,
      "z": 0
    },
    "_id": ""
  },
  {
    "__type__": "cc.Node",
    "_name": "Bip002 R Hand",
    "_objFlags": 0,
    "_parent": {
      "__id__": 47
    },
    "_children": [
      {
        "__id__": 49
      },
      {
        "__id__": 55
      },
      {
        "__id__": 61
      },
      {
        "__id__": 67
      },
      {
        "__id__": 73
      }
    ],
    "_active": true,
    "_components": [],
    "_prefab": {
      "__id__": 79
    },
    "_lpos": {
      "__type__": "cc.Vec3",
      "x": 0,
      "y": 0,
      "z": 0
    },
    "_lrot": {
      "__type__": "cc.Quat",
      "x": 0,
      "y": 0,
      "z": 0,
      "w": 1
    },
    "_lscale": {
      "__type__": "cc.Vec3",
      "x": 1,
      "y": 1,
      "z": 1
    },
    "_mobility": 0,
    "_layer": 1073741824,
    "_euler": {
      "__type__": "cc.Vec3",
      "x": 0,
      "y": 0,
      "z": 0
    },
    "_id": ""
  },
  {
    "__type__": "cc.Node",
    "_name": "Bip002 R Finger0",
    "_objFlags": 0,
    "_parent": {
      "__id__": 48
    },
    "_children": [
      {
        "__id__": 50
      }
    ],
    "_active": true,
    "_components": [],
    "_prefab": {
      "__id__": 54
    },
    "_lpos": {
      "__type__": "cc.Vec3",
      "x": 0,
      "y": 0,
      "z": 0
    },
    "_lrot": {
      "__type__": "cc.Quat",
      "x": 0,
      "y": 0,
      "z": 0,
      "w": 1
    },
    "_lscale": {
      "__type__": "cc.Vec3",
      "x": 1,
      "y": 1,
      "z": 1
    },
    "_mobility": 0,
    "_layer": 1073741824,
    "_euler": {
      "__type__": "cc.Vec3",
      "x": 0,
      "y": 0,
      "z": 0
    },
    "_id": ""
  },
  {
    "__type__": "cc.Node",
    "_name": "Bip002 R Finger01",
    "_objFlags": 0,
    "_parent": {
      "__id__": 49
    },
    "_children": [
      {
        "__id__": 51
      }
    ],
    "_active": true,
    "_components": [],
    "_prefab": {
      "__id__": 53
    },
    "_lpos": {
      "__type__": "cc.Vec3",
      "x": 0,
      "y": 0,
      "z": 0
    },
    "_lrot": {
      "__type__": "cc.Quat",
      "x": 0,
      "y": 0,
      "z": 0,
      "w": 1
    },
    "_lscale": {
      "__type__": "cc.Vec3",
      "x": 1,
      "y": 1,
      "z": 1
    },
    "_mobility": 0,
    "_layer": 1073741824,
    "_euler": {
      "__type__": "cc.Vec3",
      "x": 0,
      "y": 0,
      "z": 0
    },
    "_id": ""
  },
  {
    "__type__": "cc.Node",
    "_name": "Bip002 R Finger02",
    "_objFlags": 0,
    "_parent": {
      "__id__": 50
    },
    "_children": [],
    "_active": true,
    "_components": [],
    "_prefab": {
      "__id__": 52
    },
    "_lpos": {
      "__type__": "cc.Vec3",
      "x": 0,
      "y": 0,
      "z": 0
    },
    "_lrot": {
      "__type__": "cc.Quat",
      "x": 0,
      "y": 0,
      "z": 0,
      "w": 1
    },
    "_lscale": {
      "__type__": "cc.Vec3",
      "x": 1,
      "y": 1,
      "z": 1
    },
    "_mobility": 0,
    "_layer": 1073741824,
    "_euler": {
      "__type__": "cc.Vec3",
      "x": 0,
      "y": 0,
      "z": 0
    },
    "_id": ""
  },
  {
    "__type__": "cc.PrefabInfo",
    "root": {
      "__id__": 1
    },
    "asset": {
      "__id__": 0
    },
    "fileId": "a5ocWPW85YRJsC+ZDyibZ8",
    "instance": null,
    "targetOverrides": null,
    "nestedPrefabInstanceRoots": null
  },
  {
    "__type__": "cc.PrefabInfo",
    "root": {
      "__id__": 1
    },
    "asset": {
      "__id__": 0
    },
    "fileId": "e1qKWMz9NYpJIaGPxCdjsH",
    "instance": null,
    "targetOverrides": null,
    "nestedPrefabInstanceRoots": null
  },
  {
    "__type__": "cc.PrefabInfo",
    "root": {
      "__id__": 1
    },
    "asset": {
      "__id__": 0
    },
    "fileId": "31+OQh3KdfuKd57xpuwjAC",
    "instance": null,
    "targetOverrides": null,
    "nestedPrefabInstanceRoots": null
  },
  {
    "__type__": "cc.Node",
    "_name": "Bip002 R Finger1",
    "_objFlags": 0,
    "_parent": {
      "__id__": 48
    },
    "_children": [
      {
        "__id__": 56
      }
    ],
    "_active": true,
    "_components": [],
    "_prefab": {
      "__id__": 60
    },
    "_lpos": {
      "__type__": "cc.Vec3",
      "x": 0,
      "y": 0,
      "z": 0
    },
    "_lrot": {
      "__type__": "cc.Quat",
      "x": 0,
      "y": 0,
      "z": 0,
      "w": 1
    },
    "_lscale": {
      "__type__": "cc.Vec3",
      "x": 1,
      "y": 1,
      "z": 1
    },
    "_mobility": 0,
    "_layer": 1073741824,
    "_euler": {
      "__type__": "cc.Vec3",
      "x": 0,
      "y": 0,
      "z": 0
    },
    "_id": ""
  },
  {
    "__type__": "cc.Node",
    "_name": "Bip002 R Finger11",
    "_objFlags": 0,
    "_parent": {
      "__id__": 55
    },
    "_children": [
      {
        "__id__": 57
      }
    ],
    "_active": true,
    "_components": [],
    "_prefab": {
      "__id__": 59
    },
    "_lpos": {
      "__type__": "cc.Vec3",
      "x": 0,
      "y": 0,
      "z": 0
    },
    "_lrot": {
      "__type__": "cc.Quat",
      "x": 0,
      "y": 0,
      "z": 0,
      "w": 1
    },
    "_lscale": {
      "__type__": "cc.Vec3",
      "x": 1,
      "y": 1,
      "z": 1
    },
    "_mobility": 0,
    "_layer": 1073741824,
    "_euler": {
      "__type__": "cc.Vec3",
      "x": 0,
      "y": 0,
      "z": 0
    },
    "_id": ""
  },
  {
    "__type__": "cc.Node",
    "_name": "Bip002 R Finger12",
    "_objFlags": 0,
    "_parent": {
      "__id__": 56
    },
    "_children": [],
    "_active": true,
    "_components": [],
    "_prefab": {
      "__id__": 58
    },
    "_lpos": {
      "__type__": "cc.Vec3",
      "x": 0,
      "y": 0,
      "z": 0
    },
    "_lrot": {
      "__type__": "cc.Quat",
      "x": 0,
      "y": 0,
      "z": 0,
      "w": 1
    },
    "_lscale": {
      "__type__": "cc.Vec3",
      "x": 1,
      "y": 1,
      "z": 1
    },
    "_mobility": 0,
    "_layer": 1073741824,
    "_euler": {
      "__type__": "cc.Vec3",
      "x": 0,
      "y": 0,
      "z": 0
    },
    "_id": ""
  },
  {
    "__type__": "cc.PrefabInfo",
    "root": {
      "__id__": 1
    },
    "asset": {
      "__id__": 0
    },
    "fileId": "54LmKvEvZVab5Ta1raRjvC",
    "instance": null,
    "targetOverrides": null,
    "nestedPrefabInstanceRoots": null
  },
  {
    "__type__": "cc.PrefabInfo",
    "root": {
      "__id__": 1
    },
    "asset": {
      "__id__": 0
    },
    "fileId": "d0Co22FuRVFoniKNVt6Gyz",
    "instance": null,
    "targetOverrides": null,
    "nestedPrefabInstanceRoots": null
  },
  {
    "__type__": "cc.PrefabInfo",
    "root": {
      "__id__": 1
    },
    "asset": {
      "__id__": 0
    },
    "fileId": "1fF0l/MYFRKZzBtgUkGSeq",
    "instance": null,
    "targetOverrides": null,
    "nestedPrefabInstanceRoots": null
  },
  {
    "__type__": "cc.Node",
    "_name": "Bip002 R Finger2",
    "_objFlags": 0,
    "_parent": {
      "__id__": 48
    },
    "_children": [
      {
        "__id__": 62
      }
    ],
    "_active": true,
    "_components": [],
    "_prefab": {
      "__id__": 66
    },
    "_lpos": {
      "__type__": "cc.Vec3",
      "x": 0,
      "y": 0,
      "z": 0
    },
    "_lrot": {
      "__type__": "cc.Quat",
      "x": 0,
      "y": 0,
      "z": 0,
      "w": 1
    },
    "_lscale": {
      "__type__": "cc.Vec3",
      "x": 1,
      "y": 1,
      "z": 1
    },
    "_mobility": 0,
    "_layer": 1073741824,
    "_euler": {
      "__type__": "cc.Vec3",
      "x": 0,
      "y": 0,
      "z": 0
    },
    "_id": ""
  },
  {
    "__type__": "cc.Node",
    "_name": "Bip002 R Finger21",
    "_objFlags": 0,
    "_parent": {
      "__id__": 61
    },
    "_children": [
      {
        "__id__": 63
      }
    ],
    "_active": true,
    "_components": [],
    "_prefab": {
      "__id__": 65
    },
    "_lpos": {
      "__type__": "cc.Vec3",
      "x": 0,
      "y": 0,
      "z": 0
    },
    "_lrot": {
      "__type__": "cc.Quat",
      "x": 0,
      "y": 0,
      "z": 0,
      "w": 1
    },
    "_lscale": {
      "__type__": "cc.Vec3",
      "x": 1,
      "y": 1,
      "z": 1
    },
    "_mobility": 0,
    "_layer": 1073741824,
    "_euler": {
      "__type__": "cc.Vec3",
      "x": 0,
      "y": 0,
      "z": 0
    },
    "_id": ""
  },
  {
    "__type__": "cc.Node",
    "_name": "Bip002 R Finger22",
    "_objFlags": 0,
    "_parent": {
      "__id__": 62
    },
    "_children": [],
    "_active": true,
    "_components": [],
    "_prefab": {
      "__id__": 64
    },
    "_lpos": {
      "__type__": "cc.Vec3",
      "x": 0,
      "y": 0,
      "z": 0
    },
    "_lrot": {
      "__type__": "cc.Quat",
      "x": 0,
      "y": 0,
      "z": 0,
      "w": 1
    },
    "_lscale": {
      "__type__": "cc.Vec3",
      "x": 1,
      "y": 1,
      "z": 1
    },
    "_mobility": 0,
    "_layer": 1073741824,
    "_euler": {
      "__type__": "cc.Vec3",
      "x": 0,
      "y": 0,
      "z": 0
    },
    "_id": ""
  },
  {
    "__type__": "cc.PrefabInfo",
    "root": {
      "__id__": 1
    },
    "asset": {
      "__id__": 0
    },
    "fileId": "7cgGRs0P1TUZmqaoO1Elcx",
    "instance": null,
    "targetOverrides": null,
    "nestedPrefabInstanceRoots": null
  },
  {
    "__type__": "cc.PrefabInfo",
    "root": {
      "__id__": 1
    },
    "asset": {
      "__id__": 0
    },
    "fileId": "89jggV/J9Qj4mo8phKG2+T",
    "instance": null,
    "targetOverrides": null,
    "nestedPrefabInstanceRoots": null
  },
  {
    "__type__": "cc.PrefabInfo",
    "root": {
      "__id__": 1
    },
    "asset": {
      "__id__": 0
    },
    "fileId": "5a+cnUbUNU8okf7nSF2jSY",
    "instance": null,
    "targetOverrides": null,
    "nestedPrefabInstanceRoots": null
  },
  {
    "__type__": "cc.Node",
    "_name": "Bip002 R Finger3",
    "_objFlags": 0,
    "_parent": {
      "__id__": 48
    },
    "_children": [
      {
        "__id__": 68
      }
    ],
    "_active": true,
    "_components": [],
    "_prefab": {
      "__id__": 72
    },
    "_lpos": {
      "__type__": "cc.Vec3",
      "x": 0,
      "y": 0,
      "z": 0
    },
    "_lrot": {
      "__type__": "cc.Quat",
      "x": 0,
      "y": 0,
      "z": 0,
      "w": 1
    },
    "_lscale": {
      "__type__": "cc.Vec3",
      "x": 1,
      "y": 1,
      "z": 1
    },
    "_mobility": 0,
    "_layer": 1073741824,
    "_euler": {
      "__type__": "cc.Vec3",
      "x": 0,
      "y": 0,
      "z": 0
    },
    "_id": ""
  },
  {
    "__type__": "cc.Node",
    "_name": "Bip002 R Finger31",
    "_objFlags": 0,
    "_parent": {
      "__id__": 67
    },
    "_children": [
      {
        "__id__": 69
      }
    ],
    "_active": true,
    "_components": [],
    "_prefab": {
      "__id__": 71
    },
    "_lpos": {
      "__type__": "cc.Vec3",
      "x": 0,
      "y": 0,
      "z": 0
    },
    "_lrot": {
      "__type__": "cc.Quat",
      "x": 0,
      "y": 0,
      "z": 0,
      "w": 1
    },
    "_lscale": {
      "__type__": "cc.Vec3",
      "x": 1,
      "y": 1,
      "z": 1
    },
    "_mobility": 0,
    "_layer": 1073741824,
    "_euler": {
      "__type__": "cc.Vec3",
      "x": 0,
      "y": 0,
      "z": 0
    },
    "_id": ""
  },
  {
    "__type__": "cc.Node",
    "_name": "Bip002 R Finger32",
    "_objFlags": 0,
    "_parent": {
      "__id__": 68
    },
    "_children": [],
    "_active": true,
    "_components": [],
    "_prefab": {
      "__id__": 70
    },
    "_lpos": {
      "__type__": "cc.Vec3",
      "x": 0,
      "y": 0,
      "z": 0
    },
    "_lrot": {
      "__type__": "cc.Quat",
      "x": 0,
      "y": 0,
      "z": 0,
      "w": 1
    },
    "_lscale": {
      "__type__": "cc.Vec3",
      "x": 1,
      "y": 1,
      "z": 1
    },
    "_mobility": 0,
    "_layer": 1073741824,
    "_euler": {
      "__type__": "cc.Vec3",
      "x": 0,
      "y": 0,
      "z": 0
    },
    "_id": ""
  },
  {
    "__type__": "cc.PrefabInfo",
    "root": {
      "__id__": 1
    },
    "asset": {
      "__id__": 0
    },
    "fileId": "5bH4XoqX5Zm7rWIzFeYcOy",
    "instance": null,
    "targetOverrides": null,
    "nestedPrefabInstanceRoots": null
  },
  {
    "__type__": "cc.PrefabInfo",
    "root": {
      "__id__": 1
    },
    "asset": {
      "__id__": 0
    },
    "fileId": "c9fyobmwVX0rQqQiXtcpA+",
    "instance": null,
    "targetOverrides": null,
    "nestedPrefabInstanceRoots": null
  },
  {
    "__type__": "cc.PrefabInfo",
    "root": {
      "__id__": 1
    },
    "asset": {
      "__id__": 0
    },
    "fileId": "39uAos9rNQ55ba16HhEP1e",
    "instance": null,
    "targetOverrides": null,
    "nestedPrefabInstanceRoots": null
  },
  {
    "__type__": "cc.Node",
    "_name": "Bip002 R Finger4",
    "_objFlags": 0,
    "_parent": {
      "__id__": 48
    },
    "_children": [
      {
        "__id__": 74
      }
    ],
    "_active": true,
    "_components": [],
    "_prefab": {
      "__id__": 78
    },
    "_lpos": {
      "__type__": "cc.Vec3",
      "x": 0,
      "y": 0,
      "z": 0
    },
    "_lrot": {
      "__type__": "cc.Quat",
      "x": 0,
      "y": 0,
      "z": 0,
      "w": 1
    },
    "_lscale": {
      "__type__": "cc.Vec3",
      "x": 1,
      "y": 1,
      "z": 1
    },
    "_mobility": 0,
    "_layer": 1073741824,
    "_euler": {
      "__type__": "cc.Vec3",
      "x": 0,
      "y": 0,
      "z": 0
    },
    "_id": ""
  },
  {
    "__type__": "cc.Node",
    "_name": "Bip002 R Finger41",
    "_objFlags": 0,
    "_parent": {
      "__id__": 73
    },
    "_children": [
      {
        "__id__": 75
      }
    ],
    "_active": true,
    "_components": [],
    "_prefab": {
      "__id__": 77
    },
    "_lpos": {
      "__type__": "cc.Vec3",
      "x": 0,
      "y": 0,
      "z": 0
    },
    "_lrot": {
      "__type__": "cc.Quat",
      "x": 0,
      "y": 0,
      "z": 0,
      "w": 1
    },
    "_lscale": {
      "__type__": "cc.Vec3",
      "x": 1,
      "y": 1,
      "z": 1
    },
    "_mobility": 0,
    "_layer": 1073741824,
    "_euler": {
      "__type__": "cc.Vec3",
      "x": 0,
      "y": 0,
      "z": 0
    },
    "_id": ""
  },
  {
    "__type__": "cc.Node",
    "_name": "Bip002 R Finger42",
    "_objFlags": 0,
    "_parent": {
      "__id__": 74
    },
    "_children": [],
    "_active": true,
    "_components": [],
    "_prefab": {
      "__id__": 76
    },
    "_lpos": {
      "__type__": "cc.Vec3",
      "x": 0,
      "y": 0,
      "z": 0
    },
    "_lrot": {
      "__type__": "cc.Quat",
      "x": 0,
      "y": 0,
      "z": 0,
      "w": 1
    },
    "_lscale": {
      "__type__": "cc.Vec3",
      "x": 1,
      "y": 1,
      "z": 1
    },
    "_mobility": 0,
    "_layer": 1073741824,
    "_euler": {
      "__type__": "cc.Vec3",
      "x": 0,
      "y": 0,
      "z": 0
    },
    "_id": ""
  },
  {
    "__type__": "cc.PrefabInfo",
    "root": {
      "__id__": 1
    },
    "asset": {
      "__id__": 0
    },
    "fileId": "a1hfi4EI5er7sHPbbfGOlR",
    "instance": null,
    "targetOverrides": null,
    "nestedPrefabInstanceRoots": null
  },
  {
    "__type__": "cc.PrefabInfo",
    "root": {
      "__id__": 1
    },
    "asset": {
      "__id__": 0
    },
    "fileId": "57ShQywJVeQZ/zjDG0ocD9",
    "instance": null,
    "targetOverrides": null,
    "nestedPrefabInstanceRoots": null
  },
  {
    "__type__": "cc.PrefabInfo",
    "root": {
      "__id__": 1
    },
    "asset": {
      "__id__": 0
    },
    "fileId": "d0bbsowBFeiYUWCpGlsa0p",
    "instance": null,
    "targetOverrides": null,
    "nestedPrefabInstanceRoots": null
  },
  {
    "__type__": "cc.PrefabInfo",
    "root": {
      "__id__": 1
    },
    "asset": {
      "__id__": 0
    },
    "fileId": "97E6xmqPpel5umu6nKKgu2",
    "instance": null,
    "targetOverrides": null,
    "nestedPrefabInstanceRoots": null
  },
  {
    "__type__": "cc.PrefabInfo",
    "root": {
      "__id__": 1
    },
    "asset": {
      "__id__": 0
    },
    "fileId": "003Zgm7Y9ZT5L143HxcAqU",
    "instance": null,
    "targetOverrides": null,
    "nestedPrefabInstanceRoots": null
  },
  {
    "__type__": "cc.PrefabInfo",
    "root": {
      "__id__": 1
    },
    "asset": {
      "__id__": 0
    },
    "fileId": "e50G+3/4dfyrsUaWtJMiWd",
    "instance": null,
    "targetOverrides": null,
    "nestedPrefabInstanceRoots": null
  },
  {
    "__type__": "cc.PrefabInfo",
    "root": {
      "__id__": 1
    },
    "asset": {
      "__id__": 0
    },
    "fileId": "74osaF8jhZlqW5DGJ3PkHW",
    "instance": null,
    "targetOverrides": null,
    "nestedPrefabInstanceRoots": null
  },
  {
    "__type__": "cc.Node",
    "_name": "Bip002 Head",
    "_objFlags": 0,
    "_parent": {
      "__id__": 6
    },
    "_children": [],
    "_active": true,
    "_components": [],
    "_prefab": {
      "__id__": 84
    },
    "_lpos": {
      "__type__": "cc.Vec3",
      "x": 0,
      "y": 0,
      "z": 0
    },
    "_lrot": {
      "__type__": "cc.Quat",
      "x": 0,
      "y": 0,
      "z": 0,
      "w": 1
    },
    "_lscale": {
      "__type__": "cc.Vec3",
      "x": 1,
      "y": 1,
      "z": 1
    },
    "_mobility": 0,
    "_layer": 1073741824,
    "_euler": {
      "__type__": "cc.Vec3",
      "x": 0,
      "y": 0,
      "z": 0
    },
    "_id": ""
  },
  {
    "__type__": "cc.PrefabInfo",
    "root": {
      "__id__": 1
    },
    "asset": {
      "__id__": 0
    },
    "fileId": "57nKe1jsdUCJCLXqWpKAIb",
    "instance": null,
    "targetOverrides": null,
    "nestedPrefabInstanceRoots": null
  },
  {
    "__type__": "cc.PrefabInfo",
    "root": {
      "__id__": 1
    },
    "asset": {
      "__id__": 0
    },
    "fileId": "0d2gLuDbNXZYnjzzdENDvW",
    "instance": null,
    "targetOverrides": null,
    "nestedPrefabInstanceRoots": null
  },
  {
    "__type__": "cc.PrefabInfo",
    "root": {
      "__id__": 1
    },
    "asset": {
      "__id__": 0
    },
    "fileId": "539YqWMUpfBbbnfeK9RDdX",
    "instance": null,
    "targetOverrides": null,
    "nestedPrefabInstanceRoots": null
  },
  {
    "__type__": "cc.Node",
    "_name": "Bip002 L Thigh",
    "_objFlags": 0,
    "_parent": {
      "__id__": 4
    },
    "_children": [
      {
        "__id__": 88
      }
    ],
    "_active": true,
    "_components": [],
    "_prefab": {
      "__id__": 94
    },
    "_lpos": {
      "__type__": "cc.Vec3",
      "x": 0,
      "y": 0,
      "z": 0
    },
    "_lrot": {
      "__type__": "cc.Quat",
      "x": 0,
      "y": 0,
      "z": 0,
      "w": 1
    },
    "_lscale": {
      "__type__": "cc.Vec3",
      "x": 1,
      "y": 1,
      "z": 1
    },
    "_mobility": 0,
    "_layer": 1073741824,
    "_euler": {
      "__type__": "cc.Vec3",
      "x": 0,
      "y": 0,
      "z": 0
    },
    "_id": ""
  },
  {
    "__type__": "cc.Node",
    "_name": "Bip002 L Calf",
    "_objFlags": 0,
    "_parent": {
      "__id__": 87
    },
    "_children": [
      {
        "__id__": 89
      }
    ],
    "_active": true,
    "_components": [],
    "_prefab": {
      "__id__": 93
    },
    "_lpos": {
      "__type__": "cc.Vec3",
      "x": 0,
      "y": 0,
      "z": 0
    },
    "_lrot": {
      "__type__": "cc.Quat",
      "x": 0,
      "y": 0,
      "z": 0,
      "w": 1
    },
    "_lscale": {
      "__type__": "cc.Vec3",
      "x": 1,
      "y": 1,
      "z": 1
    },
    "_mobility": 0,
    "_layer": 1073741824,
    "_euler": {
      "__type__": "cc.Vec3",
      "x": 0,
      "y": 0,
      "z": 0
    },
    "_id": ""
  },
  {
    "__type__": "cc.Node",
    "_name": "Bip002 L Foot",
    "_objFlags": 0,
    "_parent": {
      "__id__": 88
    },
    "_children": [
      {
        "__id__": 90
      }
    ],
    "_active": true,
    "_components": [],
    "_prefab": {
      "__id__": 92
    },
    "_lpos": {
      "__type__": "cc.Vec3",
      "x": 0,
      "y": 0,
      "z": 0
    },
    "_lrot": {
      "__type__": "cc.Quat",
      "x": 0,
      "y": 0,
      "z": 0,
      "w": 1
    },
    "_lscale": {
      "__type__": "cc.Vec3",
      "x": 1,
      "y": 1,
      "z": 1
    },
    "_mobility": 0,
    "_layer": 1073741824,
    "_euler": {
      "__type__": "cc.Vec3",
      "x": 0,
      "y": 0,
      "z": 0
    },
    "_id": ""
  },
  {
    "__type__": "cc.Node",
    "_name": "Bip002 L Toe0",
    "_objFlags": 0,
    "_parent": {
      "__id__": 89
    },
    "_children": [],
    "_active": true,
    "_components": [],
    "_prefab": {
      "__id__": 91
    },
    "_lpos": {
      "__type__": "cc.Vec3",
      "x": 0,
      "y": 0,
      "z": 0
    },
    "_lrot": {
      "__type__": "cc.Quat",
      "x": 0,
      "y": 0,
      "z": 0,
      "w": 1
    },
    "_lscale": {
      "__type__": "cc.Vec3",
      "x": 1,
      "y": 1,
      "z": 1
    },
    "_mobility": 0,
    "_layer": 1073741824,
    "_euler": {
      "__type__": "cc.Vec3",
      "x": 0,
      "y": 0,
      "z": 0
    },
    "_id": ""
  },
  {
    "__type__": "cc.PrefabInfo",
    "root": {
      "__id__": 1
    },
    "asset": {
      "__id__": 0
    },
    "fileId": "52cuGqWwxa2YBtCRbJiIQz",
    "instance": null,
    "targetOverrides": null,
    "nestedPrefabInstanceRoots": null
  },
  {
    "__type__": "cc.PrefabInfo",
    "root": {
      "__id__": 1
    },
    "asset": {
      "__id__": 0
    },
    "fileId": "06H9l71zxca7zxXSvv2CtA",
    "instance": null,
    "targetOverrides": null,
    "nestedPrefabInstanceRoots": null
  },
  {
    "__type__": "cc.PrefabInfo",
    "root": {
      "__id__": 1
    },
    "asset": {
      "__id__": 0
    },
    "fileId": "57J1pkpeBbXJYs5NVxCZHn",
    "instance": null,
    "targetOverrides": null,
    "nestedPrefabInstanceRoots": null
  },
  {
    "__type__": "cc.PrefabInfo",
    "root": {
      "__id__": 1
    },
    "asset": {
      "__id__": 0
    },
    "fileId": "32Ln1mNZxYs6F4M56zTT2G",
    "instance": null,
    "targetOverrides": null,
    "nestedPrefabInstanceRoots": null
  },
  {
    "__type__": "cc.Node",
    "_name": "Bip002 R Thigh",
    "_objFlags": 0,
    "_parent": {
      "__id__": 4
    },
    "_children": [
      {
        "__id__": 96
      }
    ],
    "_active": true,
    "_components": [],
    "_prefab": {
      "__id__": 102
    },
    "_lpos": {
      "__type__": "cc.Vec3",
      "x": 0,
      "y": 0,
      "z": 0
    },
    "_lrot": {
      "__type__": "cc.Quat",
      "x": 0,
      "y": 0,
      "z": 0,
      "w": 1
    },
    "_lscale": {
      "__type__": "cc.Vec3",
      "x": 1,
      "y": 1,
      "z": 1
    },
    "_mobility": 0,
    "_layer": 1073741824,
    "_euler": {
      "__type__": "cc.Vec3",
      "x": 0,
      "y": 0,
      "z": 0
    },
    "_id": ""
  },
  {
    "__type__": "cc.Node",
    "_name": "Bip002 R Calf",
    "_objFlags": 0,
    "_parent": {
      "__id__": 95
    },
    "_children": [
      {
        "__id__": 97
      }
    ],
    "_active": true,
    "_components": [],
    "_prefab": {
      "__id__": 101
    },
    "_lpos": {
      "__type__": "cc.Vec3",
      "x": 0,
      "y": 0,
      "z": 0
    },
    "_lrot": {
      "__type__": "cc.Quat",
      "x": 0,
      "y": 0,
      "z": 0,
      "w": 1
    },
    "_lscale": {
      "__type__": "cc.Vec3",
      "x": 1,
      "y": 1,
      "z": 1
    },
    "_mobility": 0,
    "_layer": 1073741824,
    "_euler": {
      "__type__": "cc.Vec3",
      "x": 0,
      "y": 0,
      "z": 0
    },
    "_id": ""
  },
  {
    "__type__": "cc.Node",
    "_name": "Bip002 R Foot",
    "_objFlags": 0,
    "_parent": {
      "__id__": 96
    },
    "_children": [
      {
        "__id__": 98
      }
    ],
    "_active": true,
    "_components": [],
    "_prefab": {
      "__id__": 100
    },
    "_lpos": {
      "__type__": "cc.Vec3",
      "x": 0,
      "y": 0,
      "z": 0
    },
    "_lrot": {
      "__type__": "cc.Quat",
      "x": 0,
      "y": 0,
      "z": 0,
      "w": 1
    },
    "_lscale": {
      "__type__": "cc.Vec3",
      "x": 1,
      "y": 1,
      "z": 1
    },
    "_mobility": 0,
    "_layer": 1073741824,
    "_euler": {
      "__type__": "cc.Vec3",
      "x": 0,
      "y": 0,
      "z": 0
    },
    "_id": ""
  },
  {
    "__type__": "cc.Node",
    "_name": "Bip002 R Toe0",
    "_objFlags": 0,
    "_parent": {
      "__id__": 97
    },
    "_children": [],
    "_active": true,
    "_components": [],
    "_prefab": {
      "__id__": 99
    },
    "_lpos": {
      "__type__": "cc.Vec3",
      "x": 0,
      "y": 0,
      "z": 0
    },
    "_lrot": {
      "__type__": "cc.Quat",
      "x": 0,
      "y": 0,
      "z": 0,
      "w": 1
    },
    "_lscale": {
      "__type__": "cc.Vec3",
      "x": 1,
      "y": 1,
      "z": 1
    },
    "_mobility": 0,
    "_layer": 1073741824,
    "_euler": {
      "__type__": "cc.Vec3",
      "x": 0,
      "y": 0,
      "z": 0
    },
    "_id": ""
  },
  {
    "__type__": "cc.PrefabInfo",
    "root": {
      "__id__": 1
    },
    "asset": {
      "__id__": 0
    },
    "fileId": "ebkVlHuXlanpx9vLXDTLJ7",
    "instance": null,
    "targetOverrides": null,
    "nestedPrefabInstanceRoots": null
  },
  {
    "__type__": "cc.PrefabInfo",
    "root": {
      "__id__": 1
    },
    "asset": {
      "__id__": 0
    },
    "fileId": "2b0xEaxIVQ7al6JVMymUqI",
    "instance": null,
    "targetOverrides": null,
    "nestedPrefabInstanceRoots": null
  },
  {
    "__type__": "cc.PrefabInfo",
    "root": {
      "__id__": 1
    },
    "asset": {
      "__id__": 0
    },
    "fileId": "88vYAN0xVU27osEBv9IhjN",
    "instance": null,
    "targetOverrides": null,
    "nestedPrefabInstanceRoots": null
  },
  {
    "__type__": "cc.PrefabInfo",
    "root": {
      "__id__": 1
    },
    "asset": {
      "__id__": 0
    },
    "fileId": "7eE40Otlpfzons+WTdeH/B",
    "instance": null,
    "targetOverrides": null,
    "nestedPrefabInstanceRoots": null
  },
  {
    "__type__": "cc.PrefabInfo",
    "root": {
      "__id__": 1
    },
    "asset": {
      "__id__": 0
    },
    "fileId": "69Vk6aHz1QgojCPbV3Ikp/",
    "instance": null,
    "targetOverrides": null,
    "nestedPrefabInstanceRoots": null
  },
  {
    "__type__": "cc.PrefabInfo",
    "root": {
      "__id__": 1
    },
    "asset": {
      "__id__": 0
    },
    "fileId": "f8Z0KEpp5T86rix9lsRWgx",
    "instance": null,
    "targetOverrides": null,
    "nestedPrefabInstanceRoots": null
  },
  {
    "__type__": "cc.PrefabInfo",
    "root": {
      "__id__": 1
    },
    "asset": {
      "__id__": 0
    },
    "fileId": "edrdq2kqZdbboATmox44Vk",
    "instance": null,
    "targetOverrides": null,
    "nestedPrefabInstanceRoots": null
  },
  {
    "__type__": "cc.Animation",
    "_name": "",
    "_objFlags": 0,
    "node": {
      "__id__": 1
    },
    "_enabled": true,
    "__prefab": {
      "__id__": 107
    },
    "playOnLoad": false,
    "_clips": [
      {
        "__uuid__": "445d5d9d-c56b-4528-bc90-c847357e5d94@ab65f",
        "__expectedType__": "cc.AnimationClip"
      }
    ],
    "_defaultClip": {
      "__uuid__": "445d5d9d-c56b-4528-bc90-c847357e5d94@ab65f",
      "__expectedType__": "cc.AnimationClip"
    },
    "_id": ""
  },
  {
    "__type__": "cc.CompPrefabInfo",
    "fileId": "d4ImHm3sBV/I1pxvHiGOuw"
  },
  {
    "__type__": "cc.PrefabInfo",
    "root": {
      "__id__": 1
    },
    "asset": {
      "__id__": 0
    },
    "fileId": "dab+4j5EFUTodq+dkz/NsN",
    "instance": null,
    "targetOverrides": null,
    "nestedPrefabInstanceRoots": null
  }
]