[
    1,
    [
        "7dj5uJT9FMn6OrOOx83tfK@6c48a"
    ],
    [
        "_textureSource"
    ],
    [
        "cc.SpriteFrame"
    ],
    0,
    [
        {
            "name": "default_sprite_splash",
            "rect": {
                "x": 0,
                "y": 0,
                "width": 2,
                "height": 2
            },
            "offset": {
                "x": 0,
                "y": 0
            },
            "originalSize": {
                "width": 2,
                "height": 2
            },
            "rotated": false,
            "capInsets": [
                0,
                0,
                0,
                0
            ],
            "vertices": {
                "rawPosition": [
                    -1,
                    -1,
                    0,
                    1,
                    -1,
                    0,
                    -1,
                    1,
                    0,
                    1,
                    1,
                    0
                ],
                "indexes": [
                    0,
                    1,
                    2,
                    2,
                    1,
                    3
                ],
                "uv": [
                    0,
                    2,
                    2,
                    2,
                    0,
                    0,
                    2,
                    0
                ],
                "nuv": [
                    0,
                    0,
                    1,
                    0,
                    0,
                    1,
                    1,
                    1
                ],
                "minPos": {
                    "x": -1,
                    "y": -1,
                    "z": 0
                },
                "maxPos": {
                    "x": 1,
                    "y": 1,
                    "z": 0
                }
            },
            "packable": true,
            "pixelsToUnit": 100,
            "pivot": {
                "x": 0.5,
                "y": 0.5
            },
            "meshType": 0
        }
    ],
    [
        0
    ],
    0,
    [
        0
    ],
    [
        0
    ],
    [
        0
    ]
]
