[
    1,
    [
        "3a+b4vk9JBoLe3PMAwVLNK@6c48a",
        "02bEoV4H1AU4ben5/jAYjl@6c48a",
        "5fTdeYKuZLv4S0UEu2zOrt@6c48a",
        "1brw/JvvpFnIvdrxpFCgMZ"
    ],
    [
        "normalMap",
        "emissiveMap",
        "mainTexture",
        "_effectAsset"
    ],
    [
        [
            "cc.Material",
            [
                "_name",
                "_states",
                "_defines",
                "_props"
            ],
            0,
            12
        ]
    ],
    [
        [
            0,
            0,
            1,
            2,
            3,
            4
        ]
    ],
    [
        [
            0,
            "body",
            [
                {
                    "blendState": {
                        "targets": [
                            {}
                        ]
                    },
                    "depthStencilState": {},
                    "rasterizerState": {}
                }
            ],
            [
                {
                    "USE_NORMAL_MAP": true,
                    "USE_ALBEDO_MAP": true,
                    "USE_EMISSIVE_MAP": true,
                    "OCCLUSION_CHANNEL": "b",
                    "ROUGHNESS_CHANNEL": "r",
                    "METALLIC_CHANNEL": "g",
                    "USE_SKINNING": true
                }
            ],
            [
                [
                    [
                        {
                            "occlusion": 0,
                            "roughness": 0.8,
                            "metallic": 0.6
                        },
                        "normalMap",
                        6,
                        0,
                        "emissiveMap",
                        6,
                        1,
                        "mainTexture",
                        6,
                        2
                    ]
                ],
                11
            ]
        ]
    ],
    0,
    0,
    [
        0,
        0,
        0,
        0
    ],
    [
        0,
        1,
        2,
        3
    ],
    [
        0,
        1,
        2,
        3
    ]
]
