[
    1,
    0,
    0,
    [
        [
            "cc.Mesh",
            [
                "_native",
                "_hash",
                "_struct"
            ],
            1,
            11
        ]
    ],
    [
        [
            0,
            0,
            1,
            2,
            3
        ]
    ],
    [
        [
            0,
            ".bin",
            489894992,
            [
                {
                    "primitives": [
                        {
                            "primitiveMode": 7,
                            "jointMapIndex": 0,
                            "vertexBundelIndices": [
                                0
                            ],
                            "indexView": {
                                "offset": 384840,
                                "length": 35286,
                                "count": 17643,
                                "stride": 2
                            }
                        }
                    ],
                    "vertexBundles": [
                        {
                            "view": {
                                "offset": 0,
                                "length": 384840,
                                "count": 5345,
                                "stride": 72
                            },
                            "attributes": [
                                {
                                    "name": "a_position",
                                    "format": 32,
                                    "isNormalized": false
                                },
                                {
                                    "name": "a_normal",
                                    "format": 32,
                                    "isNormalized": false
                                },
                                {
                                    "name": "a_texCoord",
                                    "format": 21,
                                    "isNormalized": false
                                },
                                {
                                    "name": "a_tangent",
                                    "format": 44,
                                    "isNormalized": false
                                },
                                {
                                    "name": "a_joints",
                                    "format": 42,
                                    "isNormalized": false
                                },
                                {
                                    "name": "a_weights",
                                    "format": 44,
                                    "isNormalized": false
                                }
                            ]
                        }
                    ],
                    "jointMaps": [
                        [
                            0,
                            1,
                            2,
                            3,
                            5,
                            6,
                            7,
                            8,
                            9,
                            10,
                            11,
                            12,
                            13,
                            14,
                            15,
                            16,
                            17,
                            18,
                            19,
                            20,
                            21,
                            22,
                            23,
                            24,
                            25,
                            26,
                            27,
                            28,
                            29,
                            30,
                            31,
                            32,
                            33,
                            34,
                            35,
                            36,
                            37,
                            38,
                            39,
                            40,
                            41,
                            42,
                            43,
                            44,
                            45,
                            46,
                            47,
                            48,
                            49,
                            50,
                            51
                        ]
                    ]
                },
                "minPosition",
                8,
                [
                    1,
                    -1.1286969184875488,
                    0.0004072114825248718,
                    -0.9644851088523865
                ],
                "maxPosition",
                8,
                [
                    1,
                    1.1280615329742432,
                    4.430077075958252,
                    0.6853569149971008
                ]
            ]
        ],
        -1
    ],
    0,
    0,
    [],
    [],
    []
]
