{
  "__version__": "1.3.4",
  "log": {
    "level": 4
  },
  "BuildTaskManager": {
    "taskMap": {
      "1707992872597": {
        "type": "build",
        "id": "1707992872597",
        "progress": 1,
        "state": "success",
        "stage": "run",
        "message": "2-15-2024 12:45:50 run package C:\\Users\\EASY COMPUTERS\\MindYourStep\\build\\web-desktop success!",
        "options": {
          "name": "MindYourStep",
          "platform": "web-desktop",
          "buildPath": "project://build",
          "debug": false,
          "md5Cache": false,
          "skipCompressTexture": false,
          "sourceMaps": false,
          "polyfills": {
            "asyncFunctions": true
          },
          "experimentalEraseModules": false,
          "useBuiltinServer": false,
          "mainBundleIsRemote": false,
          "mainBundleCompressionType": "merge_dep",
          "useSplashScreen": true,
          "packAutoAtlas": true,
          "startScene": "daba5015-a58b-4b06-9933-cdab3cda0f07",
          "outputName": "web-desktop",
          "scenes": [
            {
              "url": "db://assets/scene.scene",
              "uuid": "daba5015-a58b-4b06-9933-cdab3cda0f07",
              "inBundle": false
            }
          ],
          "web-mobile": [],
          "packages": {},
          "__version__": "1.3.4",
          "web-desktop": []
        },
        "time": "2-15-2024 12:27",
        "dirty": false
      },
      "1707994065670": {
        "type": "build",
        "id": "1707994065670",
        "progress": 1,
        "state": "success",
        "stage": "run",
        "message": "2-15-2024 13:03:26 run package C:\\Users\\EASY COMPUTERS\\MindYourStep\\build\\web-mobile success!",
        "options": {
          "name": "MindYourStep",
          "platform": "web-mobile",
          "buildPath": "project://build",
          "debug": false,
          "md5Cache": false,
          "skipCompressTexture": false,
          "sourceMaps": false,
          "polyfills": {
            "asyncFunctions": true
          },
          "experimentalEraseModules": false,
          "useBuiltinServer": false,
          "mainBundleIsRemote": false,
          "mainBundleCompressionType": "merge_dep",
          "useSplashScreen": true,
          "packAutoAtlas": true,
          "startScene": "daba5015-a58b-4b06-9933-cdab3cda0f07",
          "outputName": "web-mobile",
          "scenes": [
            {
              "url": "db://assets/scene.scene",
              "uuid": "daba5015-a58b-4b06-9933-cdab3cda0f07",
              "inBundle": false
            }
          ],
          "web-desktop": [],
          "packages": {},
          "__version__": "1.3.4",
          "web-mobile": []
        },
        "time": "2-15-2024 12:47",
        "dirty": false
      }
    }
  },
  "common": {
    "buildPath": "project://build",
    "outputName": "web-mobile",
    "mainBundleCompressionType": "merge_dep",
    "platform": "web-mobile",
    "mainBundleIsRemote": false
  }
}
