{
  "__version__": "3.0.7",
  "builder": {
    "options": {
      "web-desktop": {
        "configID": "886437",
        "services": []
      },
      "web-mobile": {
        "configID": "886437",
        "services": []
      }
    },
    "taskOptionsMap": {
      "1705083339069": {
        "configID": "886437",
        "services": []
      },
      "1705084265419": {
        "configID": "886437",
        "services": []
      },
      "1707992872597": {
        "configID": "886437",
        "services": [],
        "__version__": "3.0.7"
      },
      "1707994065670": {
        "configID": "886437",
        "services": [],
        "__version__": "3.0.7"
      }
    },
    "__version__": "1.3.4"
  },
  "builder-options": {
    "configID": "886437",
    "services": [],
    "__version__": "3.0.7"
  }
}
