{
  "__version__": "1.0.0",
  "builder": {
    "taskOptionsMap": {},
    "__version__": "1.3.4"
  },
  "gizmos-infos": {
    "is2D": true,
    "is3DIcon": false,
    "iconSize": 2,
    "gridVisible": true,
    "gridColor": [
      166,
      166,
      166,
      255
    ],
    "isIconGizmo3D": false,
    "iconGizmoSize": 2,
    "isGridVisible": true
  },
  "": {
    "sculpt_brush_rotate": 0
  },
  "float-window": {
    "position": {
      "cc": {
        "Camera": {
          "dock": false,
          "top": null,
          "bottom": 10,
          "left": null,
          "right": 10
        }
      }
    }
  },
  "camera": {
    "fov": 45,
    "far": 10000,
    "near": 0.01,
    "color": [
      48,
      48,
      48,
      255
    ],
    "wheelSpeed": 0.01,
    "wanderSpeed": 10,
    "enableAcceleration": true,
    "far2D": 10000,
    "near2D": 1,
    "wheelSpeed2D": 6,
    "size": "__default_design__"
  },
  "camera-infos": {
    "f46876e4-e81b-4931-b493-6d367be385e7": {
      "position": {
        "x": 11.071588506812462,
        "y": 11.07158850681246,
        "z": 11.07158850681246
      },
      "rotation": {
        "x": -0.27984814233312133,
        "y": 0.3647051996310009,
        "z": 0.11591689595929512,
        "w": 0.8804762392171493
      },
      "viewCenter": {
        "x": 0,
        "y": 0,
        "z": 0
      }
    },
    "daba5015-a58b-4b06-9933-cdab3cda0f07": {
      "position": {
        "x": -0.5167348707750286,
        "y": -1.8391698105024519,
        "z": 11.869132864768133
      },
      "rotation": {
        "x": 0.09299358977487887,
        "y": 0.0007341097533601968,
        "z": -0.0000685624647167444,
        "w": 0.9956664344261286
      },
      "viewCenter": {
        "x": -0.5338775566107365,
        "y": 0.3514957456155492,
        "z": 0.24390735793513585
      }
    }
  },
  "camera-uuids": [
    "daba5015-a58b-4b06-9933-cdab3cda0f07"
  ]
}
