{
  "__version__": "1.0.1",
  "builder": {
    "taskOptionsMap": {
      "1705083339069": {
        "useWebGPU": false,
        "resolution": {
          "designWidth": 1280,
          "designHeight": 960
        },
        "__version__": "1.0.1"
      },
      "1707992872597": {
        "useWebGPU": false,
        "resolution": {
          "designWidth": 1280,
          "designHeight": 960
        },
        "__version__": "1.0.1"
      }
    },
    "__version__": "1.3.4",
    "common": {
      "buildPath": "project://build",
      "outputName": "web-desktop-001",
      "mainBundleCompressionType": "merge_dep",
      "platform": "web-desktop"
    }
  }
}
