{
  "__version__": "1.0.1",
  "builder": {
    "common": {
      "buildPath": "project://build",
      "outputName": "web-mobile",
      "mainBundleCompressionType": "merge_dep",
      "platform": "web-mobile",
      "mainBundleIsRemote": false
    },
    "taskOptionsMap": {
      "1705084265419": {
        "orientation": "auto",
        "embedWebDebugger": false,
        "__version__": "1.0.1"
      },
      "1707994065670": {
        "orientation": "auto",
        "embedWebDebugger": false,
        "__version__": "1.0.1"
      }
    },
    "__version__": "1.3.4"
  }
}
