{
  "__type__": "cc.Skeleton",
  "_name": "cocos_skel",
  "_objFlags": 0,
  "_native": "",
  "_joints": [
    "Bip002",
    "Bip002/Bip002 Pelvis",
    "Bip002/Bip002 Pelvis/Bip002 Spine",
    "Bip002/Bip002 Pelvis/Bip002 Spine/Bip002 Spine1",
    "Bip002/Bip002 Pelvis/Bip002 Spine/Bip002 Spine1/Bip002 Neck",
    "Bip002/Bip002 Pelvis/Bip002 Spine/Bip002 Spine1/Bip002 Neck/Bip002 L Clavicle",
    "Bip002/Bip002 Pelvis/Bip002 Spine/Bip002 Spine1/Bip002 Neck/Bip002 L Clavicle/Bip002 L UpperArm",
    "Bip002/Bip002 Pelvis/Bip002 Spine/Bip002 Spine1/Bip002 Neck/Bip002 L Clavicle/Bip002 L UpperArm/Bip002 L Forearm",
    "Bip002/Bip002 Pelvis/Bip002 Spine/Bip002 Spine1/Bip002 Neck/Bip002 L Clavicle/Bip002 L UpperArm/Bip002 L Forearm/Bip002 L Hand",
    "Bip002/Bip002 Pelvis/Bip002 Spine/Bip002 Spine1/Bip002 Neck/Bip002 L Clavicle/Bip002 L UpperArm/Bip002 L Forearm/Bip002 L Hand/Bip002 L Finger0",
    "Bip002/Bip002 Pelvis/Bip002 Spine/Bip002 Spine1/Bip002 Neck/Bip002 L Clavicle/Bip002 L UpperArm/Bip002 L Forearm/Bip002 L Hand/Bip002 L Finger0/Bip002 L Finger01",
    "Bip002/Bip002 Pelvis/Bip002 Spine/Bip002 Spine1/Bip002 Neck/Bip002 L Clavicle/Bip002 L UpperArm/Bip002 L Forearm/Bip002 L Hand/Bip002 L Finger0/Bip002 L Finger01/Bip002 L Finger02",
    "Bip002/Bip002 Pelvis/Bip002 Spine/Bip002 Spine1/Bip002 Neck/Bip002 L Clavicle/Bip002 L UpperArm/Bip002 L Forearm/Bip002 L Hand/Bip002 L Finger1",
    "Bip002/Bip002 Pelvis/Bip002 Spine/Bip002 Spine1/Bip002 Neck/Bip002 L Clavicle/Bip002 L UpperArm/Bip002 L Forearm/Bip002 L Hand/Bip002 L Finger1/Bip002 L Finger11",
    "Bip002/Bip002 Pelvis/Bip002 Spine/Bip002 Spine1/Bip002 Neck/Bip002 L Clavicle/Bip002 L UpperArm/Bip002 L Forearm/Bip002 L Hand/Bip002 L Finger1/Bip002 L Finger11/Bip002 L Finger12",
    "Bip002/Bip002 Pelvis/Bip002 Spine/Bip002 Spine1/Bip002 Neck/Bip002 L Clavicle/Bip002 L UpperArm/Bip002 L Forearm/Bip002 L Hand/Bip002 L Finger2",
    "Bip002/Bip002 Pelvis/Bip002 Spine/Bip002 Spine1/Bip002 Neck/Bip002 L Clavicle/Bip002 L UpperArm/Bip002 L Forearm/Bip002 L Hand/Bip002 L Finger2/Bip002 L Finger21",
    "Bip002/Bip002 Pelvis/Bip002 Spine/Bip002 Spine1/Bip002 Neck/Bip002 L Clavicle/Bip002 L UpperArm/Bip002 L Forearm/Bip002 L Hand/Bip002 L Finger2/Bip002 L Finger21/Bip002 L Finger22",
    "Bip002/Bip002 Pelvis/Bip002 Spine/Bip002 Spine1/Bip002 Neck/Bip002 L Clavicle/Bip002 L UpperArm/Bip002 L Forearm/Bip002 L Hand/Bip002 L Finger3",
    "Bip002/Bip002 Pelvis/Bip002 Spine/Bip002 Spine1/Bip002 Neck/Bip002 L Clavicle/Bip002 L UpperArm/Bip002 L Forearm/Bip002 L Hand/Bip002 L Finger3/Bip002 L Finger31",
    "Bip002/Bip002 Pelvis/Bip002 Spine/Bip002 Spine1/Bip002 Neck/Bip002 L Clavicle/Bip002 L UpperArm/Bip002 L Forearm/Bip002 L Hand/Bip002 L Finger3/Bip002 L Finger31/Bip002 L Finger32",
    "Bip002/Bip002 Pelvis/Bip002 Spine/Bip002 Spine1/Bip002 Neck/Bip002 L Clavicle/Bip002 L UpperArm/Bip002 L Forearm/Bip002 L Hand/Bip002 L Finger4",
    "Bip002/Bip002 Pelvis/Bip002 Spine/Bip002 Spine1/Bip002 Neck/Bip002 L Clavicle/Bip002 L UpperArm/Bip002 L Forearm/Bip002 L Hand/Bip002 L Finger4/Bip002 L Finger41",
    "Bip002/Bip002 Pelvis/Bip002 Spine/Bip002 Spine1/Bip002 Neck/Bip002 L Clavicle/Bip002 L UpperArm/Bip002 L Forearm/Bip002 L Hand/Bip002 L Finger4/Bip002 L Finger41/Bip002 L Finger42",
    "Bip002/Bip002 Pelvis/Bip002 Spine/Bip002 Spine1/Bip002 Neck/Bip002 R Clavicle",
    "Bip002/Bip002 Pelvis/Bip002 Spine/Bip002 Spine1/Bip002 Neck/Bip002 R Clavicle/Bip002 R UpperArm",
    "Bip002/Bip002 Pelvis/Bip002 Spine/Bip002 Spine1/Bip002 Neck/Bip002 R Clavicle/Bip002 R UpperArm/Bip002 R Forearm",
    "Bip002/Bip002 Pelvis/Bip002 Spine/Bip002 Spine1/Bip002 Neck/Bip002 R Clavicle/Bip002 R UpperArm/Bip002 R Forearm/Bip002 R Hand",
    "Bip002/Bip002 Pelvis/Bip002 Spine/Bip002 Spine1/Bip002 Neck/Bip002 R Clavicle/Bip002 R UpperArm/Bip002 R Forearm/Bip002 R Hand/Bip002 R Finger0",
    "Bip002/Bip002 Pelvis/Bip002 Spine/Bip002 Spine1/Bip002 Neck/Bip002 R Clavicle/Bip002 R UpperArm/Bip002 R Forearm/Bip002 R Hand/Bip002 R Finger0/Bip002 R Finger01",
    "Bip002/Bip002 Pelvis/Bip002 Spine/Bip002 Spine1/Bip002 Neck/Bip002 R Clavicle/Bip002 R UpperArm/Bip002 R Forearm/Bip002 R Hand/Bip002 R Finger0/Bip002 R Finger01/Bip002 R Finger02",
    "Bip002/Bip002 Pelvis/Bip002 Spine/Bip002 Spine1/Bip002 Neck/Bip002 R Clavicle/Bip002 R UpperArm/Bip002 R Forearm/Bip002 R Hand/Bip002 R Finger1",
    "Bip002/Bip002 Pelvis/Bip002 Spine/Bip002 Spine1/Bip002 Neck/Bip002 R Clavicle/Bip002 R UpperArm/Bip002 R Forearm/Bip002 R Hand/Bip002 R Finger1/Bip002 R Finger11",
    "Bip002/Bip002 Pelvis/Bip002 Spine/Bip002 Spine1/Bip002 Neck/Bip002 R Clavicle/Bip002 R UpperArm/Bip002 R Forearm/Bip002 R Hand/Bip002 R Finger1/Bip002 R Finger11/Bip002 R Finger12",
    "Bip002/Bip002 Pelvis/Bip002 Spine/Bip002 Spine1/Bip002 Neck/Bip002 R Clavicle/Bip002 R UpperArm/Bip002 R Forearm/Bip002 R Hand/Bip002 R Finger2",
    "Bip002/Bip002 Pelvis/Bip002 Spine/Bip002 Spine1/Bip002 Neck/Bip002 R Clavicle/Bip002 R UpperArm/Bip002 R Forearm/Bip002 R Hand/Bip002 R Finger2/Bip002 R Finger21",
    "Bip002/Bip002 Pelvis/Bip002 Spine/Bip002 Spine1/Bip002 Neck/Bip002 R Clavicle/Bip002 R UpperArm/Bip002 R Forearm/Bip002 R Hand/Bip002 R Finger2/Bip002 R Finger21/Bip002 R Finger22",
    "Bip002/Bip002 Pelvis/Bip002 Spine/Bip002 Spine1/Bip002 Neck/Bip002 R Clavicle/Bip002 R UpperArm/Bip002 R Forearm/Bip002 R Hand/Bip002 R Finger3",
    "Bip002/Bip002 Pelvis/Bip002 Spine/Bip002 Spine1/Bip002 Neck/Bip002 R Clavicle/Bip002 R UpperArm/Bip002 R Forearm/Bip002 R Hand/Bip002 R Finger3/Bip002 R Finger31",
    "Bip002/Bip002 Pelvis/Bip002 Spine/Bip002 Spine1/Bip002 Neck/Bip002 R Clavicle/Bip002 R UpperArm/Bip002 R Forearm/Bip002 R Hand/Bip002 R Finger3/Bip002 R Finger31/Bip002 R Finger32",
    "Bip002/Bip002 Pelvis/Bip002 Spine/Bip002 Spine1/Bip002 Neck/Bip002 R Clavicle/Bip002 R UpperArm/Bip002 R Forearm/Bip002 R Hand/Bip002 R Finger4",
    "Bip002/Bip002 Pelvis/Bip002 Spine/Bip002 Spine1/Bip002 Neck/Bip002 R Clavicle/Bip002 R UpperArm/Bip002 R Forearm/Bip002 R Hand/Bip002 R Finger4/Bip002 R Finger41",
    "Bip002/Bip002 Pelvis/Bip002 Spine/Bip002 Spine1/Bip002 Neck/Bip002 R Clavicle/Bip002 R UpperArm/Bip002 R Forearm/Bip002 R Hand/Bip002 R Finger4/Bip002 R Finger41/Bip002 R Finger42",
    "Bip002/Bip002 Pelvis/Bip002 Spine/Bip002 Spine1/Bip002 Neck/Bip002 Head",
    "Bip002/Bip002 Pelvis/Bip002 Spine/Bip002 L Thigh",
    "Bip002/Bip002 Pelvis/Bip002 Spine/Bip002 L Thigh/Bip002 L Calf",
    "Bip002/Bip002 Pelvis/Bip002 Spine/Bip002 L Thigh/Bip002 L Calf/Bip002 L Foot",
    "Bip002/Bip002 Pelvis/Bip002 Spine/Bip002 L Thigh/Bip002 L Calf/Bip002 L Foot/Bip002 L Toe0",
    "Bip002/Bip002 Pelvis/Bip002 Spine/Bip002 R Thigh",
    "Bip002/Bip002 Pelvis/Bip002 Spine/Bip002 R Thigh/Bip002 R Calf",
    "Bip002/Bip002 Pelvis/Bip002 Spine/Bip002 R Thigh/Bip002 R Calf/Bip002 R Foot",
    "Bip002/Bip002 Pelvis/Bip002 Spine/Bip002 R Thigh/Bip002 R Calf/Bip002 R Foot/Bip002 R Toe0"
  ],
  "_bindposes": [
    {
      "__type__": "cc.Mat4",
      "m00": 0.000001370906943520822,
      "m01": 0,
      "m02": -1,
      "m03": 0,
      "m04": 0,
      "m05": 1,
      "m06": 0,
      "m07": 0,
      "m08": 1,
      "m09": 0,
      "m10": 0.000001370906943520822,
      "m11": 0,
      "m12": -0.018384279683232307,
      "m13": -1.4394174814224243,
      "m14": -2.520313735487889e-8,
      "m15": 1
    },
    {
      "__type__": "cc.Mat4",
      "m00": -0.0000013868001360606286,
      "m01": 1,
      "m02": -0.0000027577070795814507,
      "m03": 0,
      "m04": 1,
      "m05": 0.0000013868000223737909,
      "m06": 0,
      "m07": 0,
      "m08": 3.824388722373229e-12,
      "m09": -0.0000027577070795814507,
      "m10": -1,
      "m11": 0,
      "m12": -1.4394174814224243,
      "m13": -0.000001945485792020918,
      "m14": 0.018384279683232307,
      "m15": 1
    },
    {
      "__type__": "cc.Mat4",
      "m00": 1.0916177961561857e-9,
      "m01": 1.0000001192092896,
      "m02": 0.0000014026936696609482,
      "m03": 0,
      "m04": 0.9999997019767761,
      "m05": -2.208607741138735e-9,
      "m06": 0.0007963179959915578,
      "m07": 0,
      "m08": 0.0007963180541992188,
      "m09": 0.0000014026924191057333,
      "m10": -0.9999997615814209,
      "m11": 0,
      "m12": -1.6922355890274048,
      "m13": -2.1288762752647017e-8,
      "m14": 0.016762293875217438,
      "m15": 1
    },
    {
      "__type__": "cc.Mat4",
      "m00": -8.326291123239571e-8,
      "m01": 1.0000001192092896,
      "m02": 0.0000014052243386686314,
      "m03": 0,
      "m04": 0.9981539249420166,
      "m05": 1.6845628181272332e-7,
      "m06": -0.060735587030649185,
      "m07": 0,
      "m08": -0.060735590755939484,
      "m09": 0.0000013975729871162912,
      "m10": -0.9981539845466614,
      "m11": 0,
      "m12": -2.03208589553833,
      "m13": -3.6785644397241413e-7,
      "m14": 0.14171460270881653,
      "m15": 1
    },
    {
      "__type__": "cc.Mat4",
      "m00": 8.556218489275125e-8,
      "m01": 1.0000001192092896,
      "m02": 0.0000014053661061552702,
      "m03": 0,
      "m04": 0.9980504512786865,
      "m05": -1.7310831879058242e-7,
      "m06": 0.06241287291049957,
      "m07": 0,
      "m08": 0.06241287663578987,
      "m09": 0.0000013972860415378818,
      "m10": -0.9980505108833313,
      "m11": 0,
      "m12": -2.694465398788452,
      "m13": 5.551611366172438e-7,
      "m14": -0.19107219576835632,
      "m15": 1
    },
    {
      "__type__": "cc.Mat4",
      "m00": 0.9822540283203125,
      "m01": 0.18755564093589783,
      "m02": 0.0000013774262015431304,
      "m03": 0,
      "m04": -0.18720030784606934,
      "m05": 0.9803928136825562,
      "m06": 0.06153041124343872,
      "m07": 0,
      "m08": 0.011539025232195854,
      "m09": -0.06043875589966774,
      "m10": 0.9981052875518799,
      "m11": 0,
      "m12": 0.24119485914707184,
      "m13": -2.471292495727539,
      "m14": -0.08715686947107315,
      "m15": 1
    },
    {
      "__type__": "cc.Mat4",
      "m00": 0.5773323774337769,
      "m01": 0.8099624514579773,
      "m02": -0.10319074988365173,
      "m03": 0,
      "m04": -0.8104954957962036,
      "m05": 0.5837955474853516,
      "m06": 0.047747764736413956,
      "m07": 0,
      "m08": 0.098916195333004,
      "m09": 0.056069307029247284,
      "m10": 0.993514895439148,
      "m11": 0,
      "m12": 1.6904339790344238,
      "m13": -1.8049393892288208,
      "m14": -0.00392431765794754,
      "m15": 1
    },
    {
      "__type__": "cc.Mat4",
      "m00": 0.531536877155304,
      "m01": 0.8099625110626221,
      "m02": -0.2478499859571457,
      "m03": 0,
      "m04": -0.7711201310157776,
      "m05": 0.5837954878807068,
      "m06": 0.25407981872558594,
      "m07": 0,
      "m08": 0.3504888117313385,
      "m09": 0.05606932193040848,
      "m10": 0.9348871111869812,
      "m11": 0,
      "m12": 1.138293743133545,
      "m13": -1.8049392700195312,
      "m14": -0.3061979115009308,
      "m15": 1
    },
    {
      "__type__": "cc.Mat4",
      "m00": 0.22052259743213654,
      "m01": -0.0418953076004982,
      "m02": 0.9744818806648254,
      "m03": 0,
      "m04": -0.9459825754165649,
      "m05": -0.2526299059391022,
      "m06": 0.20321203768253326,
      "m07": 0,
      "m08": 0.23766961693763733,
      "m09": -0.9666554927825928,
      "m10": -0.09534277021884918,
      "m11": 0,
      "m12": 1.2930899858474731,
      "m13": 0.6075429916381836,
      "m14": -1.3249390125274658,
      "m15": 1
    },
    {
      "__type__": "cc.Mat4",
      "m00": -0.3465713560581207,
      "m01": 0.9304307699203491,
      "m02": 0.11910998821258545,
      "m03": 0,
      "m04": -0.8218239545822144,
      "m05": -0.3623966574668884,
      "m06": 0.4396296739578247,
      "m07": 0,
      "m08": 0.452210009098053,
      "m09": 0.054475732147693634,
      "m10": 0.8902463316917419,
      "m11": 0,
      "m12": 1.5266603231430054,
      "m13": -0.35380733013153076,
      "m14": -1.0623615980148315,
      "m15": 1
    },
    {
      "__type__": "cc.Mat4",
      "m00": -0.3647204637527466,
      "m01": 0.9304308295249939,
      "m02": 0.03574734926223755,
      "m03": 0,
      "m04": -0.9012053608894348,
      "m05": -0.3623966574668884,
      "m06": 0.23769253492355347,
      "m07": 0,
      "m08": 0.23411117494106293,
      "m09": 0.05447572469711304,
      "m10": 0.9706823825836182,
      "m11": 0,
      "m12": 1.6621055603027344,
      "m13": -0.3538074493408203,
      "m14": -0.6969326734542847,
      "m15": 1
    },
    {
      "__type__": "cc.Mat4",
      "m00": -0.366295725107193,
      "m01": 0.9304307103157043,
      "m02": -0.011238742619752884,
      "m03": 0,
      "m04": -0.9242193102836609,
      "m05": -0.36239662766456604,
      "m06": 0.12036329507827759,
      "m07": 0,
      "m08": 0.10791686922311783,
      "m09": 0.05447573587298393,
      "m10": 0.9926661849021912,
      "m11": 0,
      "m12": 1.667490839958191,
      "m13": -0.353807270526886,
      "m14": -0.4874696433544159,
      "m15": 1
    },
    {
      "__type__": "cc.Mat4",
      "m00": -0.08940479904413223,
      "m01": 0.08982105553150177,
      "m02": 0.9919371008872986,
      "m03": 0,
      "m04": -0.9626128673553467,
      "m05": -0.2634757459163666,
      "m06": -0.06290377676486969,
      "m07": 0,
      "m08": 0.2557012438774109,
      "m09": -0.9604752659797668,
      "m10": 0.11001893877983093,
      "m11": 0,
      "m12": 1.3917920589447021,
      "m13": 0.5534547567367554,
      "m14": -1.0251199007034302,
      "m15": 1
    },
    {
      "__type__": "cc.Mat4",
      "m00": -0.31633952260017395,
      "m01": 0.08982105553150177,
      "m02": 0.9443843364715576,
      "m03": 0,
      "m04": -0.9219822883605957,
      "m05": -0.2634757459163666,
      "m06": -0.28377625346183777,
      "m07": 0,
      "m08": 0.2233332246541977,
      "m09": -0.9604752659797668,
      "m10": 0.16616125404834747,
      "m11": 0,
      "m12": 1.5298596620559692,
      "m13": 0.5534547567367554,
      "m14": -0.6900835037231445,
      "m15": 1
    },
    {
      "__type__": "cc.Mat4",
      "m00": -0.5261293649673462,
      "m01": 0.08982107043266296,
      "m02": 0.845647931098938,
      "m03": 0,
      "m04": -0.8313823342323303,
      "m05": -0.2634757459163666,
      "m06": -0.4892687201499939,
      "m07": 0,
      "m08": 0.17886100709438324,
      "m09": -0.9604753255844116,
      "m10": 0.2132979929447174,
      "m11": 0,
      "m12": 1.5867183208465576,
      "m13": 0.5534547567367554,
      "m14": -0.33220189809799194,
      "m15": 1
    },
    {
      "__type__": "cc.Mat4",
      "m00": -0.2914985418319702,
      "m01": -0.032150253653526306,
      "m02": 0.956031084060669,
      "m03": 0,
      "m04": -0.9311684370040894,
      "m05": -0.2192593365907669,
      "m06": -0.29129138588905334,
      "m07": 0,
      "m08": 0.21898376941680908,
      "m09": -0.9751368165016174,
      "m10": 0.033976517617702484,
      "m11": 0,
      "m12": 1.5764656066894531,
      "m13": 0.5773159265518188,
      "m14": -0.6394287347793579,
      "m15": 1
    },
    {
      "__type__": "cc.Mat4",
      "m00": -0.5214112401008606,
      "m01": -0.0321502611041069,
      "m02": 0.8526998162269592,
      "m03": 0,
      "m04": -0.828679621219635,
      "m05": -0.2192593216896057,
      "m06": -0.514990508556366,
      "m07": 0,
      "m08": 0.20351938903331757,
      "m09": -0.9751366376876831,
      "m10": 0.08768205344676971,
      "m11": 0,
      "m12": 1.6311850547790527,
      "m13": 0.5773159265518188,
      "m14": -0.23893189430236816,
      "m15": 1
    },
    {
      "__type__": "cc.Mat4",
      "m00": -0.7181607484817505,
      "m01": -0.0321502611041069,
      "m02": 0.6951343417167664,
      "m03": 0,
      "m04": -0.6734845042228699,
      "m05": -0.21925930678844452,
      "m06": -0.7059346437454224,
      "m07": 0,
      "m08": 0.1751106083393097,
      "m09": -0.9751366972923279,
      "m10": 0.1358107328414917,
      "m11": 0,
      "m12": 1.575501799583435,
      "m13": 0.5773158669471741,
      "m14": 0.16033077239990234,
      "m15": 1
    },
    {
      "__type__": "cc.Mat4",
      "m00": -0.42356395721435547,
      "m01": -0.142218217253685,
      "m02": 0.8946326375007629,
      "m03": 0,
      "m04": -0.8965204954147339,
      "m05": -0.07568299770355225,
      "m06": -0.4364890456199646,
      "m07": 0,
      "m08": 0.12978509068489075,
      "m09": -0.9869377613067627,
      "m10": -0.0954449474811554,
      "m11": 0,
      "m12": 1.6858915090560913,
      "m13": 0.44032081961631775,
      "m14": -0.346687376499176,
      "m15": 1
    },
    {
      "__type__": "cc.Mat4",
      "m00": -0.681889533996582,
      "m01": -0.1422182321548462,
      "m02": 0.7174962162971497,
      "m03": 0,
      "m04": -0.7152509689331055,
      "m05": -0.07568300515413284,
      "m06": -0.6947574019432068,
      "m07": 0,
      "m08": 0.1531093269586563,
      "m09": -0.9869377613067627,
      "m10": -0.05011429637670517,
      "m11": 0,
      "m12": 1.6630570888519287,
      "m13": 0.44032084941864014,
      "m14": 0.1820579171180725,
      "m15": 1
    },
    {
      "__type__": "cc.Mat4",
      "m00": -0.785188615322113,
      "m01": -0.142218217253685,
      "m02": 0.602704644203186,
      "m03": 0,
      "m04": -0.5984853506088257,
      "m05": -0.07568299770355225,
      "m06": -0.7975506782531738,
      "m07": 0,
      "m08": 0.1590406447649002,
      "m09": -0.9869377613067627,
      "m10": -0.02569011226296425,
      "m11": 0,
      "m12": 1.5608723163604736,
      "m13": 0.44032081961631775,
      "m14": 0.43006646633148193,
      "m15": 1
    },
    {
      "__type__": "cc.Mat4",
      "m00": -0.28253182768821716,
      "m01": -0.21087124943733215,
      "m02": 0.9357934594154358,
      "m03": 0,
      "m04": -0.9369363784790039,
      "m05": -0.14856134355068207,
      "m06": -0.3163537383079529,
      "m07": 0,
      "m08": 0.2057325839996338,
      "m09": -0.9661588668823242,
      "m10": -0.15559956431388855,
      "m11": 0,
      "m12": 1.5727102756500244,
      "m13": 0.5608391761779785,
      "m14": -0.535053014755249,
      "m15": 1
    },
    {
      "__type__": "cc.Mat4",
      "m00": -0.4912514388561249,
      "m01": -0.21087126433849335,
      "m02": 0.8451069593429565,
      "m03": 0,
      "m04": -0.8383984565734863,
      "m05": -0.14856134355068207,
      "m06": -0.5244210362434387,
      "m07": 0,
      "m08": 0.23613545298576355,
      "m09": -0.9661588668823242,
      "m10": -0.10381311923265457,
      "m11": 0,
      "m12": 1.616047739982605,
      "m13": 0.5608391165733337,
      "m14": -0.16588270664215088,
      "m15": 1
    },
    {
      "__type__": "cc.Mat4",
      "m00": -0.673346221446991,
      "m01": -0.21087124943733215,
      "m02": 0.7086173295974731,
      "m03": 0,
      "m04": -0.694421112537384,
      "m05": -0.14856132864952087,
      "m06": -0.7040657997131348,
      "m07": 0,
      "m08": 0.2537402808666229,
      "m09": -0.9661588668823242,
      "m10": -0.046400200575590134,
      "m11": 0,
      "m12": 1.5728507041931152,
      "m13": 0.5608391165733337,
      "m14": 0.20330405235290527,
      "m15": 1
    },
    {
      "__type__": "cc.Mat4",
      "m00": -0.9822540283203125,
      "m01": 0.18755580484867096,
      "m02": 0.0000013606623952000518,
      "m03": 0,
      "m04": -0.18720030784606934,
      "m05": -0.9803928136825562,
      "m06": 0.06153041869401932,
      "m07": 0,
      "m08": 0.011541719548404217,
      "m09": 0.06043824553489685,
      "m10": 0.9981052875518799,
      "m11": 0,
      "m12": 0.24119478464126587,
      "m13": 2.471292495727539,
      "m14": -0.08715688437223434,
      "m15": 1
    },
    {
      "__type__": "cc.Mat4",
      "m00": -0.5773321986198425,
      "m01": 0.809962272644043,
      "m02": 0.10319347679615021,
      "m03": 0,
      "m04": -0.8104955554008484,
      "m05": -0.5837955474853516,
      "m06": 0.04774776101112366,
      "m07": 0,
      "m08": 0.09891778230667114,
      "m09": -0.05607152730226517,
      "m10": 0.9935146570205688,
      "m11": 0,
      "m12": 1.6904339790344238,
      "m13": 1.8049393892288208,
      "m14": -0.003924310207366943,
      "m15": 1
    },
    {
      "__type__": "cc.Mat4",
      "m00": -0.5315359234809875,
      "m01": 0.809962272644043,
      "m02": 0.24785253405570984,
      "m03": 0,
      "m04": -0.7711201310157776,
      "m05": -0.583795428276062,
      "m06": 0.25407981872558594,
      "m07": 0,
      "m08": 0.3504903018474579,
      "m09": -0.056071557104587555,
      "m10": 0.9348864555358887,
      "m11": 0,
      "m12": 1.138293743133545,
      "m13": 1.8049391508102417,
      "m14": -0.3061979413032532,
      "m15": 1
    },
    {
      "__type__": "cc.Mat4",
      "m00": -0.2205219268798828,
      "m01": -0.04189269244670868,
      "m02": -0.9744821190834045,
      "m03": 0,
      "m04": -0.9459825158119202,
      "m05": 0.25262993574142456,
      "m06": 0.20321203768253326,
      "m07": 0,
      "m08": 0.23767022788524628,
      "m09": 0.9666556715965271,
      "m10": -0.09534011781215668,
      "m11": 0,
      "m12": 1.2930898666381836,
      "m13": -0.6075431108474731,
      "m14": -1.3249388933181763,
      "m15": 1
    },
    {
      "__type__": "cc.Mat4",
      "m00": 0.34657254815101624,
      "m01": 0.93043053150177,
      "m02": -0.11910754442214966,
      "m03": 0,
      "m04": -0.8218238353729248,
      "m05": 0.36239659786224365,
      "m06": 0.4396296739578247,
      "m07": 0,
      "m08": 0.4522090256214142,
      "m09": -0.0544782355427742,
      "m10": 0.890246570110321,
      "m11": 0,
      "m12": 1.5266602039337158,
      "m13": 0.353807270526886,
      "m14": -1.0623615980148315,
      "m15": 1
    },
    {
      "__type__": "cc.Mat4",
      "m00": 0.36472105979919434,
      "m01": 0.93043053150177,
      "m02": -0.03574470058083534,
      "m03": 0,
      "m04": -0.90120530128479,
      "m05": 0.36239659786224365,
      "m06": 0.23769252002239227,
      "m07": 0,
      "m08": 0.23411017656326294,
      "m09": -0.0544782355427742,
      "m10": 0.9706825017929077,
      "m11": 0,
      "m12": 1.6621053218841553,
      "m13": 0.353807270526886,
      "m14": -0.6969326138496399,
      "m15": 1
    },
    {
      "__type__": "cc.Mat4",
      "m00": 0.3662959933280945,
      "m01": 0.93043053150177,
      "m02": 0.011241436004638672,
      "m03": 0,
      "m04": -0.9242193698883057,
      "m05": 0.36239659786224365,
      "m06": 0.12036330997943878,
      "m07": 0,
      "m08": 0.10791588574647903,
      "m09": -0.0544782429933548,
      "m10": 0.9926662445068359,
      "m11": 0,
      "m12": 1.667490839958191,
      "m13": 0.353807270526886,
      "m14": -0.48746973276138306,
      "m15": 1
    },
    {
      "__type__": "cc.Mat4",
      "m00": 0.08940549939870834,
      "m01": 0.0898236632347107,
      "m02": -0.9919369220733643,
      "m03": 0,
      "m04": -0.9626129865646362,
      "m05": 0.26347577571868896,
      "m06": -0.06290376931428909,
      "m07": 0,
      "m08": 0.2557010054588318,
      "m09": 0.9604751467704773,
      "m10": 0.11002165824174881,
      "m11": 0,
      "m12": 1.3917921781539917,
      "m13": -0.5534548163414001,
      "m14": -1.0251200199127197,
      "m15": 1
    },
    {
      "__type__": "cc.Mat4",
      "m00": 0.31634020805358887,
      "m01": 0.08982367068529129,
      "m02": -0.944383978843689,
      "m03": 0,
      "m04": -0.9219824075698853,
      "m05": 0.26347577571868896,
      "m06": -0.28377628326416016,
      "m07": 0,
      "m08": 0.22333240509033203,
      "m09": 0.9604750871658325,
      "m10": 0.1661638468503952,
      "m11": 0,
      "m12": 1.5298599004745483,
      "m13": -0.5534548163414001,
      "m14": -0.6900835037231445,
      "m15": 1
    },
    {
      "__type__": "cc.Mat4",
      "m00": 0.5261299014091492,
      "m01": 0.08982367813587189,
      "m02": -0.845647394657135,
      "m03": 0,
      "m04": -0.8313823938369751,
      "m05": 0.26347577571868896,
      "m06": -0.48926877975463867,
      "m07": 0,
      "m08": 0.17885959148406982,
      "m09": 0.9604750871658325,
      "m10": 0.21330030262470245,
      "m11": 0,
      "m12": 1.5867183208465576,
      "m13": -0.5534548163414001,
      "m14": -0.33220183849334717,
      "m15": 1
    },
    {
      "__type__": "cc.Mat4",
      "m00": 0.2914991080760956,
      "m01": -0.03214762359857559,
      "m02": -0.9560309052467346,
      "m03": 0,
      "m04": -0.9311684966087341,
      "m05": 0.2192593663930893,
      "m06": -0.29129132628440857,
      "m07": 0,
      "m08": 0.218982994556427,
      "m09": 0.9751369953155518,
      "m10": 0.03397912159562111,
      "m11": 0,
      "m12": 1.5764654874801636,
      "m13": -0.5773160457611084,
      "m14": -0.6394286155700684,
      "m15": 1
    },
    {
      "__type__": "cc.Mat4",
      "m00": 0.5214117765426636,
      "m01": -0.032147619873285294,
      "m02": -0.8526996374130249,
      "m03": 0,
      "m04": -0.8286797404289246,
      "m05": 0.2192593663930893,
      "m06": -0.514990508556366,
      "m07": 0,
      "m08": 0.20351800322532654,
      "m09": 0.975136935710907,
      "m10": 0.08768437802791595,
      "m11": 0,
      "m12": 1.6311852931976318,
      "m13": -0.5773160457611084,
      "m14": -0.2389320731163025,
      "m15": 1
    },
    {
      "__type__": "cc.Mat4",
      "m00": 0.7181611657142639,
      "m01": -0.032147616147994995,
      "m02": -0.6951339244842529,
      "m03": 0,
      "m04": -0.6734845042228699,
      "m05": 0.2192593514919281,
      "m06": -0.7059346437454224,
      "m07": 0,
      "m08": 0.1751086711883545,
      "m09": 0.9751368761062622,
      "m10": 0.1358126550912857,
      "m11": 0,
      "m12": 1.5755016803741455,
      "m13": -0.5773159861564636,
      "m14": 0.16033083200454712,
      "m15": 1
    },
    {
      "__type__": "cc.Mat4",
      "m00": 0.42356425523757935,
      "m01": -0.1422155499458313,
      "m02": -0.8946328163146973,
      "m03": 0,
      "m04": -0.8965205550193787,
      "m05": 0.07568300515413284,
      "m06": -0.4364890158176422,
      "m07": 0,
      "m08": 0.12978394329547882,
      "m09": 0.9869382381439209,
      "m10": -0.0954425185918808,
      "m11": 0,
      "m12": 1.6858915090560913,
      "m13": -0.44032084941864014,
      "m14": -0.3466872572898865,
      "m15": 1
    },
    {
      "__type__": "cc.Mat4",
      "m00": 0.6818897724151611,
      "m01": -0.1422155350446701,
      "m02": -0.7174961566925049,
      "m03": 0,
      "m04": -0.7152509093284607,
      "m05": 0.07568301260471344,
      "m06": -0.6947572827339172,
      "m07": 0,
      "m08": 0.15310746431350708,
      "m09": 0.9869381189346313,
      "m10": -0.05011233687400818,
      "m11": 0,
      "m12": 1.6630568504333496,
      "m13": -0.44032081961631775,
      "m14": 0.1820581555366516,
      "m15": 1
    },
    {
      "__type__": "cc.Mat4",
      "m00": 0.7851889133453369,
      "m01": -0.1422155499458313,
      "m02": -0.6027045845985413,
      "m03": 0,
      "m04": -0.5984854102134705,
      "m05": 0.07568302005529404,
      "m06": -0.797550618648529,
      "m07": 0,
      "m08": 0.1590384989976883,
      "m09": 0.9869381785392761,
      "m10": -0.025688474997878075,
      "m11": 0,
      "m12": 1.5608723163604736,
      "m13": -0.44032084941864014,
      "m14": 0.43006670475006104,
      "m15": 1
    },
    {
      "__type__": "cc.Mat4",
      "m00": 0.28253236413002014,
      "m01": -0.21086862683296204,
      "m02": -0.9357938170433044,
      "m03": 0,
      "m04": -0.9369363784790039,
      "m05": 0.14856131374835968,
      "m06": -0.3163536787033081,
      "m07": 0,
      "m08": 0.2057318240404129,
      "m09": 0.966159462928772,
      "m10": -0.1555970162153244,
      "m11": 0,
      "m12": 1.5727102756500244,
      "m13": -0.5608391165733337,
      "m14": -0.5350528955459595,
      "m15": 1
    },
    {
      "__type__": "cc.Mat4",
      "m00": 0.491252064704895,
      "m01": -0.21086862683296204,
      "m02": -0.8451071977615356,
      "m03": 0,
      "m04": -0.8383985757827759,
      "m05": 0.14856131374835968,
      "m06": -0.5244210362434387,
      "m07": 0,
      "m08": 0.2361341416835785,
      "m09": 0.9661595225334167,
      "m10": -0.10381081700325012,
      "m11": 0,
      "m12": 1.6160478591918945,
      "m13": -0.5608391165733337,
      "m14": -0.16588258743286133,
      "m15": 1
    },
    {
      "__type__": "cc.Mat4",
      "m00": 0.6733468770980835,
      "m01": -0.21086861193180084,
      "m02": -0.7086173892021179,
      "m03": 0,
      "m04": -0.694421112537384,
      "m05": 0.14856131374835968,
      "m06": -0.7040657997131348,
      "m07": 0,
      "m08": 0.25373849272727966,
      "m09": 0.966159462928772,
      "m10": -0.046398285776376724,
      "m11": 0,
      "m12": 1.5728504657745361,
      "m13": -0.560839056968689,
      "m14": 0.20330429077148438,
      "m15": 1
    },
    {
      "__type__": "cc.Mat4",
      "m00": 1.945255371713084e-12,
      "m01": 1,
      "m02": 0.000001402693328600435,
      "m03": 0,
      "m04": 1,
      "m05": -6.131337435379483e-14,
      "m06": -0.0000013430886838250444,
      "m07": 0,
      "m08": -0.0000013430887975118821,
      "m09": 0.000001402693328600435,
      "m10": -1,
      "m11": 0,
      "m12": -2.888314962387085,
      "m13": 5.522846180383567e-8,
      "m14": -0.0108213871717453,
      "m15": 1
    },
    {
      "__type__": "cc.Mat4",
      "m00": 0.21810665726661682,
      "m01": -0.975469708442688,
      "m02": -0.029805749654769897,
      "m03": 0,
      "m04": -0.9757510423660278,
      "m05": -0.2185426652431488,
      "m06": 0.012210058979690075,
      "m07": 0,
      "m08": -0.018424367532134056,
      "m09": 0.026419896632432938,
      "m10": -0.999481201171875,
      "m11": 0,
      "m12": 1.3472318649291992,
      "m13": 0.571790337562561,
      "m14": 0.008673228323459625,
      "m15": 1
    },
    {
      "__type__": "cc.Mat4",
      "m00": 0.21658959984779358,
      "m01": -0.975469708442688,
      "m02": -0.03934269770979881,
      "m03": 0,
      "m04": -0.9742766618728638,
      "m05": -0.2185426652431488,
      "m06": 0.05499238520860672,
      "m07": 0,
      "m08": -0.062241461127996445,
      "m09": 0.026419896632432938,
      "m10": -0.9977114200592041,
      "m11": 0,
      "m12": 0.7258347272872925,
      "m13": 0.571790337562561,
      "m14": -0.02318243309855461,
      "m15": 1
    },
    {
      "__type__": "cc.Mat4",
      "m00": 3.6823930571472374e-9,
      "m01": -0.9538619518280029,
      "m02": -0.3002457618713379,
      "m03": 0,
      "m04": -1,
      "m05": -9.441852633074177e-9,
      "m06": -1.9633988657119517e-8,
      "m07": 0,
      "m08": 1.7617226788502194e-8,
      "m09": 0.3002457618713379,
      "m10": -0.9538620114326477,
      "m11": 0,
      "m12": 0.22829675674438477,
      "m13": 0.5190403461456299,
      "m14": 0.13012763857841492,
      "m15": 1
    },
    {
      "__type__": "cc.Mat4",
      "m00": 0.3002457618713379,
      "m01": -0.9538619518280029,
      "m02": 4.537702480433836e-8,
      "m03": 0,
      "m04": 1.9633990433476356e-8,
      "m05": -5.315325068977472e-8,
      "m06": -1,
      "m07": 0,
      "m08": 0.9538620114326477,
      "m09": 0.3002457618713379,
      "m10": 4.493066363409071e-9,
      "m11": 0,
      "m12": -0.4191267192363739,
      "m13": 0.5190403461456299,
      "m14": 0.003736634738743305,
      "m15": 1
    },
    {
      "__type__": "cc.Mat4",
      "m00": -0.21810691058635712,
      "m01": -0.9754698276519775,
      "m02": 0.029803011566400528,
      "m03": 0,
      "m04": -0.9757510423660278,
      "m05": 0.21854281425476074,
      "m06": 0.012210052460432053,
      "m07": 0,
      "m08": -0.018423769623041153,
      "m09": -0.02641722373664379,
      "m10": -0.9994813203811646,
      "m11": 0,
      "m12": 1.3472318649291992,
      "m13": -0.5717906951904297,
      "m14": 0.008673237636685371,
      "m15": 1
    },
    {
      "__type__": "cc.Mat4",
      "m00": -0.21658994257450104,
      "m01": -0.9754698276519775,
      "m02": 0.03933997452259064,
      "m03": 0,
      "m04": -0.974276602268219,
      "m05": 0.21854281425476074,
      "m06": 0.054992374032735825,
      "m07": 0,
      "m08": -0.06224086508154869,
      "m09": -0.02641722559928894,
      "m10": -0.9977115392684937,
      "m11": 0,
      "m12": 0.7258345484733582,
      "m13": -0.5717906355857849,
      "m14": -0.023182418197393417,
      "m15": 1
    },
    {
      "__type__": "cc.Mat4",
      "m00": -3.6822247473367042e-9,
      "m01": -0.9538627862930298,
      "m02": 0.3002431392669678,
      "m03": 0,
      "m04": -1.0000001192092896,
      "m05": 9.441738058058036e-9,
      "m06": -1.963395312998273e-8,
      "m07": 0,
      "m08": 1.761723922300007e-8,
      "m09": -0.3002431392669678,
      "m10": -0.9538628458976746,
      "m11": 0,
      "m12": 0.22829678654670715,
      "m13": -0.519040584564209,
      "m14": 0.1301277130842209,
      "m15": 1
    },
    {
      "__type__": "cc.Mat4",
      "m00": -0.3002431392669678,
      "m01": -0.9538627862930298,
      "m02": -4.537688980121857e-8,
      "m03": 0,
      "m04": 1.963395135362589e-8,
      "m05": 5.3153129897509643e-8,
      "m06": -1.0000001192092896,
      "m07": 0,
      "m08": 0.9538628458976746,
      "m09": -0.3002431392669678,
      "m10": 4.493189820209409e-9,
      "m11": 0,
      "m12": -0.41912680864334106,
      "m13": -0.519040584564209,
      "m14": 0.0037366352044045925,
      "m15": 1
    }
  ],
  "_hash": 2489756589
}