[
  {
    "__type__": "cc.Prefab",
    "_name": "",
    "_objFlags": 0,
    "_native": "",
    "data": {
      "__id__": 1
    },
    "optimizationPolicy": 0,
    "persistent": false
  },
  {
    "__type__": "cc.Node",
    "_name": "cocos_skel",
    "_objFlags": 0,
    "_parent": null,
    "_children": [
      {
        "__id__": 2
      }
    ],
    "_active": true,
    "_components": [],
    "_prefab": {
      "__id__": 106
    },
    "_lpos": {
      "__type__": "cc.Vec3",
      "x": 0,
      "y": 0,
      "z": 0
    },
    "_lrot": {
      "__type__": "cc.Quat",
      "x": 0,
      "y": 0,
      "z": 0,
      "w": 1
    },
    "_lscale": {
      "__type__": "cc.Vec3",
      "x": 1,
      "y": 1,
      "z": 1
    },
    "_mobility": 0,
    "_layer": 1073741824,
    "_euler": {
      "__type__": "cc.Vec3",
      "x": 0,
      "y": 0,
      "z": 0
    },
    "_id": ""
  },
  {
    "__type__": "cc.Node",
    "_name": "Bip002",
    "_objFlags": 0,
    "_parent": {
      "__id__": 1
    },
    "_children": [
      {
        "__id__": 3
      }
    ],
    "_active": true,
    "_components": [],
    "_prefab": {
      "__id__": 105
    },
    "_lpos": {
      "__type__": "cc.Vec3",
      "x": 0,
      "y": 1.4394174814224243,
      "z": 0.018384279683232307
    },
    "_lrot": {
      "__type__": "cc.Quat",
      "x": 0,
      "y": -0.7071062745468981,
      "z": 0,
      "w": 0.7071072878258339
    },
    "_lscale": {
      "__type__": "cc.Vec3",
      "x": 0.9999999403953552,
      "y": 1,
      "z": 0.9999999403953552
    },
    "_mobility": 0,
    "_layer": 1073741824,
    "_euler": {
      "__type__": "cc.Vec3",
      "x": 0,
      "y": -89.99991789555972,
      "z": 0
    },
    "_id": ""
  },
  {
    "__type__": "cc.Node",
    "_name": "Bip002 Pelvis",
    "_objFlags": 0,
    "_parent": {
      "__id__": 2
    },
    "_children": [
      {
        "__id__": 4
      }
    ],
    "_active": true,
    "_components": [],
    "_prefab": {
      "__id__": 104
    },
    "_lpos": {
      "__type__": "cc.Vec3",
      "x": 0,
      "y": 0,
      "z": 0
    },
    "_lrot": {
      "__type__": "cc.Quat",
      "x": -0.49999930709576956,
      "y": -0.49999999254917427,
      "z": 0.49999999254917427,
      "w": 0.5000007078049009
    },
    "_lscale": {
      "__type__": "cc.Vec3",
      "x": 1,
      "y": 0.9999999403953552,
      "z": 0.9999999403953552
    },
    "_mobility": 0,
    "_layer": 1073741824,
    "_euler": {
      "__type__": "cc.Vec3",
      "x": 0,
      "y": -89.99983949055928,
      "z": 90
    },
    "_id": ""
  },
  {
    "__type__": "cc.Node",
    "_name": "Bip002 Spine",
    "_objFlags": 0,
    "_parent": {
      "__id__": 3
    },
    "_children": [
      {
        "__id__": 5
      },
      {
        "__id__": 87
      },
      {
        "__id__": 95
      }
    ],
    "_active": true,
    "_components": [],
    "_prefab": {
      "__id__": 103
    },
    "_lpos": {
      "__type__": "cc.Vec3",
      "x": 0.252804160118103,
      "y": 3.5096945794066414e-7,
      "z": 0.0002744346857070923
    },
    "_lrot": {
      "__type__": "cc.Quat",
      "x": -0.0000020804759106072992,
      "y": 0.0003981590192705819,
      "z": 6.93676086032503e-7,
      "w": 0.9999999207322898
    },
    "_lscale": {
      "__type__": "cc.Vec3",
      "x": 1,
      "y": 0.9999999403953552,
      "z": 1
    },
    "_mobility": 0,
    "_layer": 1073741824,
    "_euler": {
      "__type__": "cc.Vec3",
      "x": -0.00023843660864713534,
      "y": 0.04562566412936542,
      "z": 0.00007939449476443857
    },
    "_id": ""
  },
  {
    "__type__": "cc.Node",
    "_name": "Bip002 Spine1",
    "_objFlags": 0,
    "_parent": {
      "__id__": 4
    },
    "_children": [
      {
        "__id__": 6
      }
    ],
    "_active": true,
    "_components": [],
    "_prefab": {
      "__id__": 86
    },
    "_lpos": {
      "__type__": "cc.Vec3",
      "x": 0.3447195291519165,
      "y": -9.74392122543577e-10,
      "z": 0.0003513079136610031
    },
    "_lrot": {
      "__type__": "cc.Quat",
      "x": -2.7546581747168357e-14,
      "y": -0.03077978788265575,
      "z": -8.537083465802896e-8,
      "w": 0.999526190081026
    },
    "_lscale": {
      "__type__": "cc.Vec3",
      "x": 1,
      "y": 0.9999999403953552,
      "z": 1
    },
    "_mobility": 0,
    "_layer": 1073741824,
    "_euler": {
      "__type__": "cc.Vec3",
      "x": -3.011149572685769e-7,
      "y": -3.5276610445001966,
      "z": -0.000009778141764872751
    },
    "_id": ""
  },
  {
    "__type__": "cc.Node",
    "_name": "Bip002 Neck",
    "_objFlags": 0,
    "_parent": {
      "__id__": 5
    },
    "_children": [
      {
        "__id__": 7
      },
      {
        "__id__": 45
      },
      {
        "__id__": 83
      }
    ],
    "_active": true,
    "_components": [],
    "_prefab": {
      "__id__": 85
    },
    "_lpos": {
      "__type__": "cc.Vec3",
      "x": 0.665433406829834,
      "y": -4.1106318349193316e-10,
      "z": 0.0001481771469116211
    },
    "_lrot": {
      "__type__": "cc.Quat",
      "x": -2.669600780358255e-15,
      "y": 0.06157424794471617,
      "z": 1.7078236050205865e-7,
      "w": 0.9981025057527976
    },
    "_lscale": {
      "__type__": "cc.Vec3",
      "x": 1.0000001192092896,
      "y": 0.9999999403953552,
      "z": 1
    },
    "_mobility": 0,
    "_layer": 1073741824,
    "_euler": {
      "__type__": "cc.Vec3",
      "x": -0.000001205021695781177,
      "y": 7.060355294193349,
      "z": 0.000019533082551195423
    },
    "_id": ""
  },
  {
    "__type__": "cc.Node",
    "_name": "Bip002 L Clavicle",
    "_objFlags": 0,
    "_parent": {
      "__id__": 6
    },
    "_children": [
      {
        "__id__": 8
      }
    ],
    "_active": true,
    "_components": [],
    "_prefab": {
      "__id__": 44
    },
    "_lpos": {
      "__type__": "cc.Vec3",
      "x": -0.23000192642211914,
      "y": 0.22659029066562653,
      "z": 0.028323352336883545
    },
    "_lrot": {
      "__type__": "cc.Quat",
      "x": -0.6361306084451803,
      "y": -0.7690886582797952,
      "z": -0.039499043019708864,
      "w": -0.04775259474705402
    },
    "_lscale": {
      "__type__": "cc.Vec3",
      "x": 0.9999999403953552,
      "y": 1,
      "z": 0.9999999403953552
    },
    "_mobility": 0,
    "_layer": 1073741824,
    "_euler": {
      "__type__": "cc.Vec3",
      "x": -0.0008424411902544296,
      "y": 172.89484678972258,
      "z": 79.18984857171966
    },
    "_id": ""
  },
  {
    "__type__": "cc.Node",
    "_name": "Bip002 L UpperArm",
    "_objFlags": 0,
    "_parent": {
      "__id__": 7
    },
    "_children": [
      {
        "__id__": 9
      }
    ],
    "_active": true,
    "_components": [],
    "_prefab": {
      "__id__": 43
    },
    "_lpos": {
      "__type__": "cc.Vec3",
      "x": 0.26367461681365967,
      "y": 0,
      "z": -1.4901161193847656e-8
    },
    "_lrot": {
      "__type__": "cc.Quat",
      "x": 0.03357857419689301,
      "y": -0.0398420723278534,
      "z": -0.37206974115274943,
      "w": 0.9267411700933825
    },
    "_lscale": {
      "__type__": "cc.Vec3",
      "x": 1,
      "y": 0.9999999403953552,
      "z": 1
    },
    "_mobility": 0,
    "_layer": 1073741824,
    "_euler": {
      "__type__": "cc.Vec3",
      "x": 2.58846521639648,
      "y": -3.8824087528549023,
      "z": -43.81248042439644
    },
    "_id": ""
  },
  {
    "__type__": "cc.Node",
    "_name": "Bip002 L Forearm",
    "_objFlags": 0,
    "_parent": {
      "__id__": 8
    },
    "_children": [
      {
        "__id__": 10
      }
    ],
    "_active": true,
    "_components": [],
    "_prefab": {
      "__id__": 42
    },
    "_lpos": {
      "__type__": "cc.Vec3",
      "x": 0.5116827487945557,
      "y": 0,
      "z": 7.450580596923828e-9
    },
    "_lrot": {
      "__type__": "cc.Quat",
      "x": 3.595055336630338e-9,
      "y": -0.12936039168638325,
      "z": -8.65297959901121e-9,
      "w": 0.9915976447444527
    },
    "_lscale": {
      "__type__": "cc.Vec3",
      "x": 0.9999998807907104,
      "y": 1.0000001192092896,
      "z": 0.9999999403953552
    },
    "_mobility": 0,
    "_layer": 1073741824,
    "_euler": {
      "__type__": "cc.Vec3",
      "x": 2.802331504559222e-7,
      "y": -14.8652667455545,
      "z": -0.0000010365186908483014
    },
    "_id": ""
  },
  {
    "__type__": "cc.Node",
    "_name": "Bip002 L Hand",
    "_objFlags": 0,
    "_parent": {
      "__id__": 9
    },
    "_children": [
      {
        "__id__": 11
      },
      {
        "__id__": 17
      },
      {
        "__id__": 23
      },
      {
        "__id__": 29
      },
      {
        "__id__": 35
      }
    ],
    "_active": true,
    "_components": [],
    "_prefab": {
      "__id__": 41
    },
    "_lpos": {
      "__type__": "cc.Vec3",
      "x": 0.47114282846450806,
      "y": 0,
      "z": 0
    },
    "_lrot": {
      "__type__": "cc.Quat",
      "x": -0.7817653287697258,
      "y": 0.1683952333366485,
      "z": -0.08155837519558504,
      "w": 0.5948396822325442
    },
    "_lscale": {
      "__type__": "cc.Vec3",
      "x": 1,
      "y": 1,
      "z": 0.9999998211860657
    },
    "_mobility": 0,
    "_layer": 1073741824,
    "_euler": {
      "__type__": "cc.Vec3",
      "x": -104.63046774967047,
      "y": 4.477105279013093,
      "z": -21.119814351765044
    },
    "_id": ""
  },
  {
    "__type__": "cc.Node",
    "_name": "Bip002 L Finger0",
    "_objFlags": 0,
    "_parent": {
      "__id__": 10
    },
    "_children": [
      {
        "__id__": 12
      }
    ],
    "_active": true,
    "_components": [],
    "_prefab": {
      "__id__": 16
    },
    "_lpos": {
      "__type__": "cc.Vec3",
      "x": 0.06814885139465332,
      "y": -0.1017833948135376,
      "z": -0.06761693954467773
    },
    "_lrot": {
      "__type__": "cc.Quat",
      "x": 0.6496226701202772,
      "y": 0.13313679220106886,
      "z": -0.27934604511816163,
      "w": 0.6944283750719386
    },
    "_lscale": {
      "__type__": "cc.Vec3",
      "x": 1,
      "y": 0.9999998211860657,
      "z": 1
    },
    "_mobility": 0,
    "_layer": 1073741824,
    "_euler": {
      "__type__": "cc.Vec3",
      "x": 90.00514239541948,
      "y": 34.12255839711849,
      "z": -12.415191931135967
    },
    "_id": ""
  },
  {
    "__type__": "cc.Node",
    "_name": "Bip002 L Finger01",
    "_objFlags": 0,
    "_parent": {
      "__id__": 11
    },
    "_children": [
      {
        "__id__": 13
      }
    ],
    "_active": true,
    "_components": [],
    "_prefab": {
      "__id__": 15
    },
    "_lpos": {
      "__type__": "cc.Vec3",
      "x": 0.07074236869812012,
      "y": 5.960464477539063e-8,
      "z": 0
    },
    "_lrot": {
      "__type__": "cc.Quat",
      "x": -6.301759601313711e-9,
      "y": 0.11640221704419262,
      "z": 1.7627159851268195e-9,
      "w": 0.9932021565961265
    },
    "_lscale": {
      "__type__": "cc.Vec3",
      "x": 1,
      "y": 0.9999998807907104,
      "z": 1.0000001192092896
    },
    "_mobility": 0,
    "_layer": 1073741824,
    "_euler": {
      "__type__": "cc.Vec3",
      "x": -7.407319011787383e-7,
      "y": 13.36901877485849,
      "z": 1.1656190691351391e-7
    },
    "_id": ""
  },
  {
    "__type__": "cc.Node",
    "_name": "Bip002 L Finger02",
    "_objFlags": 0,
    "_parent": {
      "__id__": 12
    },
    "_children": [],
    "_active": true,
    "_components": [],
    "_prefab": {
      "__id__": 14
    },
    "_lpos": {
      "__type__": "cc.Vec3",
      "x": 0.07074201107025146,
      "y": -1.1920928955078125e-7,
      "z": 0
    },
    "_lrot": {
      "__type__": "cc.Quat",
      "x": 1.8324129233223919e-9,
      "y": 0.06414267544090939,
      "z": -3.0466139086633286e-9,
      "w": 0.9979407383142961
    },
    "_lscale": {
      "__type__": "cc.Vec3",
      "x": 1.0000001192092896,
      "y": 0.9999998211860657,
      "z": 1
    },
    "_mobility": 0,
    "_layer": 1073741824,
    "_euler": {
      "__type__": "cc.Vec3",
      "x": 2.3193990135916585e-7,
      "y": 7.35525867313462,
      "z": -3.349286975641872e-7
    },
    "_id": ""
  },
  {
    "__type__": "cc.PrefabInfo",
    "root": {
      "__id__": 1
    },
    "asset": {
      "__id__": 0
    },
    "fileId": "51joeXJ51YYJf96ZABxd4/",
    "instance": null,
    "targetOverrides": null,
    "nestedPrefabInstanceRoots": null
  },
  {
    "__type__": "cc.PrefabInfo",
    "root": {
      "__id__": 1
    },
    "asset": {
      "__id__": 0
    },
    "fileId": "c9ygF1JfZbHJECowG801cU",
    "instance": null,
    "targetOverrides": null,
    "nestedPrefabInstanceRoots": null
  },
  {
    "__type__": "cc.PrefabInfo",
    "root": {
      "__id__": 1
    },
    "asset": {
      "__id__": 0
    },
    "fileId": "81PtmSksBeeIX6emsmTFta",
    "instance": null,
    "targetOverrides": null,
    "nestedPrefabInstanceRoots": null
  },
  {
    "__type__": "cc.Node",
    "_name": "Bip002 L Finger1",
    "_objFlags": 0,
    "_parent": {
      "__id__": 10
    },
    "_children": [
      {
        "__id__": 18
      }
    ],
    "_active": true,
    "_components": [],
    "_prefab": {
      "__id__": 22
    },
    "_lpos": {
      "__type__": "cc.Vec3",
      "x": 0.25803840160369873,
      "y": -0.07605993747711182,
      "z": 0.000060439109802246094
    },
    "_lrot": {
      "__type__": "cc.Quat",
      "x": 0.06533004228890654,
      "y": 0.1550997319427988,
      "z": -0.010403928164399058,
      "w": 0.9856813973107901
    },
    "_lscale": {
      "__type__": "cc.Vec3",
      "x": 1,
      "y": 0.9999999403953552,
      "z": 0.9999997615814209
    },
    "_mobility": 0,
    "_layer": 1073741824,
    "_euler": {
      "__type__": "cc.Vec3",
      "x": 7.586134386714674,
      "y": 17.88558687467142,
      "z": -0.014012989797106726
    },
    "_id": ""
  },
  {
    "__type__": "cc.Node",
    "_name": "Bip002 L Finger11",
    "_objFlags": 0,
    "_parent": {
      "__id__": 17
    },
    "_children": [
      {
        "__id__": 19
      }
    ],
    "_active": true,
    "_components": [],
    "_prefab": {
      "__id__": 21
    },
    "_lpos": {
      "__type__": "cc.Vec3",
      "x": 0.06295228004455566,
      "y": 0,
      "z": 0
    },
    "_lrot": {
      "__type__": "cc.Quat",
      "x": -1.8788470906461414e-9,
      "y": 0.11640221704419262,
      "z": 3.4289460392435338e-9,
      "w": 0.9932021565961265
    },
    "_lscale": {
      "__type__": "cc.Vec3",
      "x": 1.0000001192092896,
      "y": 1,
      "z": 0.9999998211860657
    },
    "_mobility": 0,
    "_layer": 1073741824,
    "_euler": {
      "__type__": "cc.Vec3",
      "x": -2.595741635394667e-7,
      "y": 13.369018774858489,
      "z": 3.651958082463327e-7
    },
    "_id": ""
  },
  {
    "__type__": "cc.Node",
    "_name": "Bip002 L Finger12",
    "_objFlags": 0,
    "_parent": {
      "__id__": 18
    },
    "_children": [],
    "_active": true,
    "_components": [],
    "_prefab": {
      "__id__": 20
    },
    "_lpos": {
      "__type__": "cc.Vec3",
      "x": 0.06295216083526611,
      "y": -5.960464477539063e-8,
      "z": 5.960464477539063e-8
    },
    "_lrot": {
      "__type__": "cc.Quat",
      "x": 9.683549130913256e-9,
      "y": 0.11640222439382181,
      "z": 3.0495184335786466e-9,
      "w": 0.993202155734758
    },
    "_lscale": {
      "__type__": "cc.Vec3",
      "x": 1.0000001192092896,
      "y": 0.9999999403953552,
      "z": 0.9999998807907104
    },
    "_mobility": 0,
    "_layer": 1073741824,
    "_euler": {
      "__type__": "cc.Vec3",
      "x": 0.0000010614330943463798,
      "y": 13.36901962282832,
      "z": 4.76239647768404e-7
    },
    "_id": ""
  },
  {
    "__type__": "cc.PrefabInfo",
    "root": {
      "__id__": 1
    },
    "asset": {
      "__id__": 0
    },
    "fileId": "ceTMoypwhUm7vkR7wlUC9S",
    "instance": null,
    "targetOverrides": null,
    "nestedPrefabInstanceRoots": null
  },
  {
    "__type__": "cc.PrefabInfo",
    "root": {
      "__id__": 1
    },
    "asset": {
      "__id__": 0
    },
    "fileId": "c9jcOWtaZfyo1OFnwktgiC",
    "instance": null,
    "targetOverrides": null,
    "nestedPrefabInstanceRoots": null
  },
  {
    "__type__": "cc.PrefabInfo",
    "root": {
      "__id__": 1
    },
    "asset": {
      "__id__": 0
    },
    "fileId": "596kjp5m1cw7jBhxD4+Qa1",
    "instance": null,
    "targetOverrides": null,
    "nestedPrefabInstanceRoots": null
  },
  {
    "__type__": "cc.Node",
    "_name": "Bip002 L Finger2",
    "_objFlags": 0,
    "_parent": {
      "__id__": 10
    },
    "_children": [
      {
        "__id__": 24
      }
    ],
    "_active": true,
    "_components": [],
    "_prefab": {
      "__id__": 28
    },
    "_lpos": {
      "__type__": "cc.Vec3",
      "x": 0.2580385208129883,
      "y": -0.025353312492370605,
      "z": 0.00002014636993408203
    },
    "_lrot": {
      "__type__": "cc.Quat",
      "x": 0.0042401966213926326,
      "y": 0.2556978438501499,
      "z": 0.01738229190274643,
      "w": 0.9665911696840623
    },
    "_lscale": {
      "__type__": "cc.Vec3",
      "x": 1,
      "y": 1,
      "z": 0.9999998211860657
    },
    "_mobility": 0,
    "_layer": 1073741824,
    "_euler": {
      "__type__": "cc.Vec3",
      "x": -0.039683012266759236,
      "y": 29.635441592310343,
      "z": 2.0499966555654097
    },
    "_id": ""
  },
  {
    "__type__": "cc.Node",
    "_name": "Bip002 L Finger21",
    "_objFlags": 0,
    "_parent": {
      "__id__": 23
    },
    "_children": [
      {
        "__id__": 25
      }
    ],
    "_active": true,
    "_components": [],
    "_prefab": {
      "__id__": 27
    },
    "_lpos": {
      "__type__": "cc.Vec3",
      "x": 0.0569310188293457,
      "y": 0,
      "z": -5.960464477539063e-8
    },
    "_lrot": {
      "__type__": "cc.Quat",
      "x": -1.879008444213511e-9,
      "y": 0.1260981221375761,
      "z": -5.042347711207478e-9,
      "w": 0.9920177738293688
    },
    "_lscale": {
      "__type__": "cc.Vec3",
      "x": 1.0000001192092896,
      "y": 1,
      "z": 0.9999998211860657
    },
    "_mobility": 0,
    "_layer": 1073741824,
    "_euler": {
      "__type__": "cc.Vec3",
      "x": -1.4073896886606418e-7,
      "y": 14.48835072340038,
      "z": -6.003495308011543e-7
    },
    "_id": ""
  },
  {
    "__type__": "cc.Node",
    "_name": "Bip002 L Finger22",
    "_objFlags": 0,
    "_parent": {
      "__id__": 24
    },
    "_children": [],
    "_active": true,
    "_components": [],
    "_prefab": {
      "__id__": 26
    },
    "_lpos": {
      "__type__": "cc.Vec3",
      "x": 0.06567466259002686,
      "y": 0,
      "z": 0
    },
    "_lrot": {
      "__type__": "cc.Quat",
      "x": -4.196536333144121e-9,
      "y": 0.12609809280913337,
      "z": 6.279188991271274e-9,
      "w": 0.992017777557388
    },
    "_lscale": {
      "__type__": "cc.Vec3",
      "x": 0.9999997615814209,
      "y": 1,
      "z": 1
    },
    "_mobility": 0,
    "_layer": 1073741824,
    "_euler": {
      "__type__": "cc.Vec3",
      "x": -5.677819697538621e-7,
      "y": 14.488347335565956,
      "z": 6.531594968063432e-7
    },
    "_id": ""
  },
  {
    "__type__": "cc.PrefabInfo",
    "root": {
      "__id__": 1
    },
    "asset": {
      "__id__": 0
    },
    "fileId": "e5yHjNflpTyLCpO7Ovu3fL",
    "instance": null,
    "targetOverrides": null,
    "nestedPrefabInstanceRoots": null
  },
  {
    "__type__": "cc.PrefabInfo",
    "root": {
      "__id__": 1
    },
    "asset": {
      "__id__": 0
    },
    "fileId": "68CjT6LwNWC6kxEnxjjuA3",
    "instance": null,
    "targetOverrides": null,
    "nestedPrefabInstanceRoots": null
  },
  {
    "__type__": "cc.PrefabInfo",
    "root": {
      "__id__": 1
    },
    "asset": {
      "__id__": 0
    },
    "fileId": "15VBROoYpZ16km7D+6df7/",
    "instance": null,
    "targetOverrides": null,
    "nestedPrefabInstanceRoots": null
  },
  {
    "__type__": "cc.Node",
    "_name": "Bip002 L Finger3",
    "_objFlags": 0,
    "_parent": {
      "__id__": 10
    },
    "_children": [
      {
        "__id__": 30
      }
    ],
    "_active": true,
    "_components": [],
    "_prefab": {
      "__id__": 34
    },
    "_lpos": {
      "__type__": "cc.Vec3",
      "x": 0.25801753997802734,
      "y": 0.03340023756027222,
      "z": -0.00006508827209472656
    },
    "_lrot": {
      "__type__": "cc.Quat",
      "x": -0.05963092233274884,
      "y": 0.3167688812568696,
      "z": 0.08301036715765372,
      "w": 0.9429798024949254
    },
    "_lscale": {
      "__type__": "cc.Vec3",
      "x": 1.0000001192092896,
      "y": 1,
      "z": 0.9999999403953552
    },
    "_mobility": 0,
    "_layer": 1073741824,
    "_euler": {
      "__type__": "cc.Vec3",
      "x": -9.568603704205783,
      "y": 37.708400576456086,
      "z": 6.821453378192049
    },
    "_id": ""
  },
  {
    "__type__": "cc.Node",
    "_name": "Bip002 L Finger31",
    "_objFlags": 0,
    "_parent": {
      "__id__": 29
    },
    "_children": [
      {
        "__id__": 31
      }
    ],
    "_active": true,
    "_components": [],
    "_prefab": {
      "__id__": 33
    },
    "_lpos": {
      "__type__": "cc.Vec3",
      "x": 0.04921448230743408,
      "y": 2.9802322387695312e-8,
      "z": 5.960464477539063e-8
    },
    "_lrot": {
      "__type__": "cc.Quat",
      "x": 7.25791116532672e-10,
      "y": 0.15822037337903314,
      "z": -1.356164119535318e-9,
      "w": 0.9874038249104565
    },
    "_lscale": {
      "__type__": "cc.Vec3",
      "x": 1.000000238418579,
      "y": 1,
      "z": 0.9999999403953552
    },
    "_mobility": 0,
    "_layer": 1073741824,
    "_euler": {
      "__type__": "cc.Vec3",
      "x": 1.0671014845393109e-7,
      "y": 18.207230800284727,
      "z": -1.40288337685695e-7
    },
    "_id": ""
  },
  {
    "__type__": "cc.Node",
    "_name": "Bip002 L Finger32",
    "_objFlags": 0,
    "_parent": {
      "__id__": 30
    },
    "_children": [],
    "_active": true,
    "_components": [],
    "_prefab": {
      "__id__": 32
    },
    "_lpos": {
      "__type__": "cc.Vec3",
      "x": 0.05428910255432129,
      "y": -2.9802322387695312e-8,
      "z": 0
    },
    "_lrot": {
      "__type__": "cc.Quat",
      "x": -2.413381305187966e-9,
      "y": 0.07800656662404377,
      "z": 2.510812036653885e-9,
      "w": 0.9969528452055937
    },
    "_lscale": {
      "__type__": "cc.Vec3",
      "x": 1.000000238418579,
      "y": 0.9999998807907104,
      "z": 0.9999999403953552
    },
    "_mobility": 0,
    "_layer": 1073741824,
    "_euler": {
      "__type__": "cc.Vec3",
      "x": -2.981543089612157e-7,
      "y": 8.947984562719617,
      "z": 2.652681849571953e-7
    },
    "_id": ""
  },
  {
    "__type__": "cc.PrefabInfo",
    "root": {
      "__id__": 1
    },
    "asset": {
      "__id__": 0
    },
    "fileId": "885XpehYJe6Jd+hv6ggnSI",
    "instance": null,
    "targetOverrides": null,
    "nestedPrefabInstanceRoots": null
  },
  {
    "__type__": "cc.PrefabInfo",
    "root": {
      "__id__": 1
    },
    "asset": {
      "__id__": 0
    },
    "fileId": "b3/To5YzdSZLSxb6Du7Kw+",
    "instance": null,
    "targetOverrides": null,
    "nestedPrefabInstanceRoots": null
  },
  {
    "__type__": "cc.PrefabInfo",
    "root": {
      "__id__": 1
    },
    "asset": {
      "__id__": 0
    },
    "fileId": "01gPg1oL1an4Domd6Albmy",
    "instance": null,
    "targetOverrides": null,
    "nestedPrefabInstanceRoots": null
  },
  {
    "__type__": "cc.Node",
    "_name": "Bip002 L Finger4",
    "_objFlags": 0,
    "_parent": {
      "__id__": 10
    },
    "_children": [
      {
        "__id__": 36
      }
    ],
    "_active": true,
    "_components": [],
    "_prefab": {
      "__id__": 40
    },
    "_lpos": {
      "__type__": "cc.Vec3",
      "x": 0.24704039096832275,
      "y": 0.08190596103668213,
      "z": -0.019670486450195312
    },
    "_lrot": {
      "__type__": "cc.Quat",
      "x": -0.0868145707558189,
      "y": 0.24745159160800334,
      "z": 0.048052826466605275,
      "w": 0.9638059275516617
    },
    "_lscale": {
      "__type__": "cc.Vec3",
      "x": 1.0000001192092896,
      "y": 1,
      "z": 0.9999998211860657
    },
    "_mobility": 0,
    "_layer": 1073741824,
    "_euler": {
      "__type__": "cc.Vec3",
      "x": -11.032304263426557,
      "y": 29.07365775053084,
      "z": 2.846616324665754
    },
    "_id": ""
  },
  {
    "__type__": "cc.Node",
    "_name": "Bip002 L Finger41",
    "_objFlags": 0,
    "_parent": {
      "__id__": 35
    },
    "_children": [
      {
        "__id__": 37
      }
    ],
    "_active": true,
    "_components": [],
    "_prefab": {
      "__id__": 39
    },
    "_lpos": {
      "__type__": "cc.Vec3",
      "x": 0.038811326026916504,
      "y": 0,
      "z": -1.1920928955078125e-7
    },
    "_lrot": {
      "__type__": "cc.Quat",
      "x": -5.000861976308559e-9,
      "y": 0.11640222439382181,
      "z": -5.896313694376953e-9,
      "w": 0.993202155734758
    },
    "_lscale": {
      "__type__": "cc.Vec3",
      "x": 1.0000001192092896,
      "y": 1,
      "z": 0.9999998807907104
    },
    "_mobility": 0,
    "_layer": 1073741824,
    "_euler": {
      "__type__": "cc.Vec3",
      "x": -4.905117886222559e-7,
      "y": 13.369019622828322,
      "z": -7.377797539020772e-7
    },
    "_id": ""
  },
  {
    "__type__": "cc.Node",
    "_name": "Bip002 L Finger42",
    "_objFlags": 0,
    "_parent": {
      "__id__": 36
    },
    "_children": [],
    "_active": true,
    "_components": [],
    "_prefab": {
      "__id__": 38
    },
    "_lpos": {
      "__type__": "cc.Vec3",
      "x": 0.03881120681762695,
      "y": 0,
      "z": 5.960464477539063e-8
    },
    "_lrot": {
      "__type__": "cc.Quat",
      "x": 8.813586594615997e-10,
      "y": 0.11640220969456343,
      "z": 3.353601200164617e-9,
      "w": 0.993202157457495
    },
    "_lscale": {
      "__type__": "cc.Vec3",
      "x": 1,
      "y": 1,
      "z": 0.9999998211860657
    },
    "_mobility": 0,
    "_layer": 1073741824,
    "_euler": {
      "__type__": "cc.Vec3",
      "x": 5.557699000156113e-8,
      "y": 13.369017926888654,
      "z": 3.9343820529302227e-7
    },
    "_id": ""
  },
  {
    "__type__": "cc.PrefabInfo",
    "root": {
      "__id__": 1
    },
    "asset": {
      "__id__": 0
    },
    "fileId": "7blKudsPFbJpx2YkVd3f+o",
    "instance": null,
    "targetOverrides": null,
    "nestedPrefabInstanceRoots": null
  },
  {
    "__type__": "cc.PrefabInfo",
    "root": {
      "__id__": 1
    },
    "asset": {
      "__id__": 0
    },
    "fileId": "97QCR3JftfErtlCFr7ACgV",
    "instance": null,
    "targetOverrides": null,
    "nestedPrefabInstanceRoots": null
  },
  {
    "__type__": "cc.PrefabInfo",
    "root": {
      "__id__": 1
    },
    "asset": {
      "__id__": 0
    },
    "fileId": "73rVGIiCZdtb8P9CSAjevW",
    "instance": null,
    "targetOverrides": null,
    "nestedPrefabInstanceRoots": null
  },
  {
    "__type__": "cc.PrefabInfo",
    "root": {
      "__id__": 1
    },
    "asset": {
      "__id__": 0
    },
    "fileId": "97lZ6eehlawqQ3LA9LL3DQ",
    "instance": null,
    "targetOverrides": null,
    "nestedPrefabInstanceRoots": null
  },
  {
    "__type__": "cc.PrefabInfo",
    "root": {
      "__id__": 1
    },
    "asset": {
      "__id__": 0
    },
    "fileId": "a4tDzdnARQbqMuREZzJx9b",
    "instance": null,
    "targetOverrides": null,
    "nestedPrefabInstanceRoots": null
  },
  {
    "__type__": "cc.PrefabInfo",
    "root": {
      "__id__": 1
    },
    "asset": {
      "__id__": 0
    },
    "fileId": "0bp9JTgJlRfohZWz9BGrxv",
    "instance": null,
    "targetOverrides": null,
    "nestedPrefabInstanceRoots": null
  },
  {
    "__type__": "cc.PrefabInfo",
    "root": {
      "__id__": 1
    },
    "asset": {
      "__id__": 0
    },
    "fileId": "91eobSdyRb9agAsnWuRfzn",
    "instance": null,
    "targetOverrides": null,
    "nestedPrefabInstanceRoots": null
  },
  {
    "__type__": "cc.Node",
    "_name": "Bip002 R Clavicle",
    "_objFlags": 0,
    "_parent": {
      "__id__": 6
    },
    "_children": [
      {
        "__id__": 46
      }
    ],
    "_active": true,
    "_components": [],
    "_prefab": {
      "__id__": 82
    },
    "_lpos": {
      "__type__": "cc.Vec3",
      "x": -0.23000192642211914,
      "y": -0.22659046947956085,
      "z": 0.02832210063934326
    },
    "_lrot": {
      "__type__": "cc.Quat",
      "x": 0.6361305082140936,
      "y": -0.7690887408292874,
      "z": 0.03949691333207712,
      "w": -0.04775436195928766
    },
    "_lscale": {
      "__type__": "cc.Vec3",
      "x": 0.9999999403953552,
      "y": 1,
      "z": 0.9999998807907104
    },
    "_mobility": 0,
    "_layer": 1073741824,
    "_euler": {
      "__type__": "cc.Vec3",
      "x": -0.0008402105032285468,
      "y": 172.89319349414328,
      "z": -79.18981406818966
    },
    "_id": ""
  },
  {
    "__type__": "cc.Node",
    "_name": "Bip002 R UpperArm",
    "_objFlags": 0,
    "_parent": {
      "__id__": 45
    },
    "_children": [
      {
        "__id__": 47
      }
    ],
    "_active": true,
    "_components": [],
    "_prefab": {
      "__id__": 81
    },
    "_lpos": {
      "__type__": "cc.Vec3",
      "x": 0.2636745870113373,
      "y": 0,
      "z": -7.450580596923828e-9
    },
    "_lrot": {
      "__type__": "cc.Quat",
      "x": -0.033578574201876855,
      "y": -0.039842068608476645,
      "z": 0.37206974120797326,
      "w": 0.9267411702309325
    },
    "_lscale": {
      "__type__": "cc.Vec3",
      "x": 1,
      "y": 0.9999999403953552,
      "z": 0.9999999403953552
    },
    "_mobility": 0,
    "_layer": 1073741824,
    "_euler": {
      "__type__": "cc.Vec3",
      "x": -2.5884654373438716,
      "y": -3.8824082042793497,
      "z": 43.81248042084942
    },
    "_id": ""
  },
  {
    "__type__": "cc.Node",
    "_name": "Bip002 R Forearm",
    "_objFlags": 0,
    "_parent": {
      "__id__": 46
    },
    "_children": [
      {
        "__id__": 48
      }
    ],
    "_active": true,
    "_components": [],
    "_prefab": {
      "__id__": 80
    },
    "_lpos": {
      "__type__": "cc.Vec3",
      "x": 0.5116827487945557,
      "y": 0,
      "z": 1.4901161193847656e-8
    },
    "_lrot": {
      "__type__": "cc.Quat",
      "x": -2.8218932527204763e-10,
      "y": -0.12936039168638322,
      "z": 2.3248222722025306e-8,
      "w": 0.9915976447444524
    },
    "_lscale": {
      "__type__": "cc.Vec3",
      "x": 0.9999998807907104,
      "y": 1,
      "z": 1
    },
    "_mobility": 0,
    "_layer": 1073741824,
    "_euler": {
      "__type__": "cc.Vec3",
      "x": 3.12557750797446e-7,
      "y": -14.86526674555451,
      "z": 0.000002645848855271084
    },
    "_id": ""
  },
  {
    "__type__": "cc.Node",
    "_name": "Bip002 R Hand",
    "_objFlags": 0,
    "_parent": {
      "__id__": 47
    },
    "_children": [
      {
        "__id__": 49
      },
      {
        "__id__": 55
      },
      {
        "__id__": 61
      },
      {
        "__id__": 67
      },
      {
        "__id__": 73
      }
    ],
    "_active": true,
    "_components": [],
    "_prefab": {
      "__id__": 79
    },
    "_lpos": {
      "__type__": "cc.Vec3",
      "x": 0.4711427092552185,
      "y": 0,
      "z": 0
    },
    "_lrot": {
      "__type__": "cc.Quat",
      "x": 0.7817653292447713,
      "y": 0.16839523343897508,
      "z": 0.08155836779456409,
      "w": 0.5948396825940029
    },
    "_lscale": {
      "__type__": "cc.Vec3",
      "x": 1.0000001192092896,
      "y": 0.9999998807907104,
      "z": 1
    },
    "_mobility": 0,
    "_layer": 1073741824,
    "_euler": {
      "__type__": "cc.Vec3",
      "x": 104.63046763851519,
      "y": 4.477105986515138,
      "z": 21.119813834233387
    },
    "_id": ""
  },
  {
    "__type__": "cc.Node",
    "_name": "Bip002 R Finger0",
    "_objFlags": 0,
    "_parent": {
      "__id__": 48
    },
    "_children": [
      {
        "__id__": 50
      }
    ],
    "_active": true,
    "_components": [],
    "_prefab": {
      "__id__": 54
    },
    "_lpos": {
      "__type__": "cc.Vec3",
      "x": 0.06814885139465332,
      "y": 0.1017833948135376,
      "z": -0.06761682033538818
    },
    "_lrot": {
      "__type__": "cc.Quat",
      "x": -0.6496226726978404,
      "y": 0.13313676292700494,
      "z": 0.27934604622654674,
      "w": 0.6944283778272812
    },
    "_lscale": {
      "__type__": "cc.Vec3",
      "x": 1,
      "y": 1,
      "z": 1.0000001192092896
    },
    "_mobility": 0,
    "_layer": 1073741824,
    "_euler": {
      "__type__": "cc.Vec3",
      "x": -90.00514286106886,
      "y": 34.12255612569189,
      "z": 12.415194302873646
    },
    "_id": ""
  },
  {
    "__type__": "cc.Node",
    "_name": "Bip002 R Finger01",
    "_objFlags": 0,
    "_parent": {
      "__id__": 49
    },
    "_children": [
      {
        "__id__": 51
      }
    ],
    "_active": true,
    "_components": [],
    "_prefab": {
      "__id__": 53
    },
    "_lpos": {
      "__type__": "cc.Vec3",
      "x": 0.07074224948883057,
      "y": 0,
      "z": 0
    },
    "_lrot": {
      "__type__": "cc.Quat",
      "x": 3.5845116007308622e-9,
      "y": 0.11640221704419262,
      "z": 4.119504321149127e-9,
      "w": 0.9932021565961265
    },
    "_lscale": {
      "__type__": "cc.Vec3",
      "x": 1,
      "y": 0.9999999403953552,
      "z": 1
    },
    "_mobility": 0,
    "_layer": 1073741824,
    "_euler": {
      "__type__": "cc.Vec3",
      "x": 3.530136462864767e-7,
      "y": 13.369018774858487,
      "z": 5.166641959465336e-7
    },
    "_id": ""
  },
  {
    "__type__": "cc.Node",
    "_name": "Bip002 R Finger02",
    "_objFlags": 0,
    "_parent": {
      "__id__": 50
    },
    "_children": [],
    "_active": true,
    "_components": [],
    "_prefab": {
      "__id__": 52
    },
    "_lpos": {
      "__type__": "cc.Vec3",
      "x": 0.07074189186096191,
      "y": 0,
      "z": 5.960464477539063e-8
    },
    "_lrot": {
      "__type__": "cc.Quat",
      "x": 5.042963926086063e-10,
      "y": 0.06414266060105547,
      "z": -4.985999713810523e-9,
      "w": 0.997940739268128
    },
    "_lscale": {
      "__type__": "cc.Vec3",
      "x": 1,
      "y": 0.9999999403953552,
      "z": 1
    },
    "_mobility": 0,
    "_layer": 1073741824,
    "_euler": {
      "__type__": "cc.Vec3",
      "x": 9.431724143848417e-8,
      "y": 7.3552569691035785,
      "z": -5.664702316068646e-7
    },
    "_id": ""
  },
  {
    "__type__": "cc.PrefabInfo",
    "root": {
      "__id__": 1
    },
    "asset": {
      "__id__": 0
    },
    "fileId": "ddcdl4CENeLpo4BtCZBNQ5",
    "instance": null,
    "targetOverrides": null,
    "nestedPrefabInstanceRoots": null
  },
  {
    "__type__": "cc.PrefabInfo",
    "root": {
      "__id__": 1
    },
    "asset": {
      "__id__": 0
    },
    "fileId": "5cGWp0pORSiqo+wWcbRQIm",
    "instance": null,
    "targetOverrides": null,
    "nestedPrefabInstanceRoots": null
  },
  {
    "__type__": "cc.PrefabInfo",
    "root": {
      "__id__": 1
    },
    "asset": {
      "__id__": 0
    },
    "fileId": "f6I5z4E1NaIJw8b0ni9R7y",
    "instance": null,
    "targetOverrides": null,
    "nestedPrefabInstanceRoots": null
  },
  {
    "__type__": "cc.Node",
    "_name": "Bip002 R Finger1",
    "_objFlags": 0,
    "_parent": {
      "__id__": 48
    },
    "_children": [
      {
        "__id__": 56
      }
    ],
    "_active": true,
    "_components": [],
    "_prefab": {
      "__id__": 60
    },
    "_lpos": {
      "__type__": "cc.Vec3",
      "x": 0.25803840160369873,
      "y": 0.07605987787246704,
      "z": 0.000060558319091796875
    },
    "_lrot": {
      "__type__": "cc.Quat",
      "x": -0.06533004229080558,
      "y": 0.1550997319473073,
      "z": 0.010403925370733808,
      "w": 0.9856813973394422
    },
    "_lscale": {
      "__type__": "cc.Vec3",
      "x": 1.0000001192092896,
      "y": 1,
      "z": 0.9999998211860657
    },
    "_mobility": 0,
    "_layer": 1073741824,
    "_euler": {
      "__type__": "cc.Vec3",
      "x": -7.586134337052036,
      "y": 17.88558685374288,
      "z": 0.014012674217117068
    },
    "_id": ""
  },
  {
    "__type__": "cc.Node",
    "_name": "Bip002 R Finger11",
    "_objFlags": 0,
    "_parent": {
      "__id__": 55
    },
    "_children": [
      {
        "__id__": 57
      }
    ],
    "_active": true,
    "_components": [],
    "_prefab": {
      "__id__": 59
    },
    "_lpos": {
      "__type__": "cc.Vec3",
      "x": 0.06295216083526611,
      "y": -5.960464477539063e-8,
      "z": 0
    },
    "_lrot": {
      "__type__": "cc.Quat",
      "x": 1.8788468702309913e-9,
      "y": 0.11640220969456343,
      "z": -5.597105488556948e-9,
      "w": 0.993202157457495
    },
    "_lscale": {
      "__type__": "cc.Vec3",
      "x": 1.0000001192092896,
      "y": 1,
      "z": 0.9999998807907104
    },
    "_mobility": 0,
    "_layer": 1073741824,
    "_euler": {
      "__type__": "cc.Vec3",
      "x": 2.884945873600084e-7,
      "y": 13.369017926888658,
      "z": -6.119596418013506e-7
    },
    "_id": ""
  },
  {
    "__type__": "cc.Node",
    "_name": "Bip002 R Finger12",
    "_objFlags": 0,
    "_parent": {
      "__id__": 56
    },
    "_children": [],
    "_active": true,
    "_components": [],
    "_prefab": {
      "__id__": 58
    },
    "_lpos": {
      "__type__": "cc.Vec3",
      "x": 0.06295204162597656,
      "y": 5.960464477539063e-8,
      "z": 5.960464477539063e-8
    },
    "_lrot": {
      "__type__": "cc.Quat",
      "x": -3.6999656858274864e-9,
      "y": 0.11640223174345095,
      "z": 6.099035973689393e-9,
      "w": 0.9932021548733893
    },
    "_lscale": {
      "__type__": "cc.Vec3",
      "x": 1.0000001192092896,
      "y": 0.9999999403953552,
      "z": 0.9999998211860657
    },
    "_mobility": 0,
    "_layer": 1073741824,
    "_euler": {
      "__type__": "cc.Vec3",
      "x": -5.024559447373246e-7,
      "y": 13.369020470798155,
      "z": 6.447942589725642e-7
    },
    "_id": ""
  },
  {
    "__type__": "cc.PrefabInfo",
    "root": {
      "__id__": 1
    },
    "asset": {
      "__id__": 0
    },
    "fileId": "4b3NbeKpZS/KQ3i86Nv+WA",
    "instance": null,
    "targetOverrides": null,
    "nestedPrefabInstanceRoots": null
  },
  {
    "__type__": "cc.PrefabInfo",
    "root": {
      "__id__": 1
    },
    "asset": {
      "__id__": 0
    },
    "fileId": "adOQRl40VePa8nkqDT0HGg",
    "instance": null,
    "targetOverrides": null,
    "nestedPrefabInstanceRoots": null
  },
  {
    "__type__": "cc.PrefabInfo",
    "root": {
      "__id__": 1
    },
    "asset": {
      "__id__": 0
    },
    "fileId": "214J9VFHVX24H1kaCbbQIz",
    "instance": null,
    "targetOverrides": null,
    "nestedPrefabInstanceRoots": null
  },
  {
    "__type__": "cc.Node",
    "_name": "Bip002 R Finger2",
    "_objFlags": 0,
    "_parent": {
      "__id__": 48
    },
    "_children": [
      {
        "__id__": 62
      }
    ],
    "_active": true,
    "_components": [],
    "_prefab": {
      "__id__": 66
    },
    "_lpos": {
      "__type__": "cc.Vec3",
      "x": 0.2580385208129883,
      "y": 0.025353312492370605,
      "z": 0.000020265579223632812
    },
    "_lrot": {
      "__type__": "cc.Quat",
      "x": -0.004240193329510334,
      "y": 0.2556978717074886,
      "z": -0.017382291770526838,
      "w": 0.9665911623316206
    },
    "_lscale": {
      "__type__": "cc.Vec3",
      "x": 1.0000001192092896,
      "y": 1,
      "z": 0.9999998807907104
    },
    "_mobility": 0,
    "_layer": 1073741824,
    "_euler": {
      "__type__": "cc.Vec3",
      "x": 0.03968343233867504,
      "y": 29.635444901844444,
      "z": -2.0499965432842004
    },
    "_id": ""
  },
  {
    "__type__": "cc.Node",
    "_name": "Bip002 R Finger21",
    "_objFlags": 0,
    "_parent": {
      "__id__": 61
    },
    "_children": [
      {
        "__id__": 63
      }
    ],
    "_active": true,
    "_components": [],
    "_prefab": {
      "__id__": 65
    },
    "_lpos": {
      "__type__": "cc.Vec3",
      "x": 0.0569310188293457,
      "y": -1.1920928955078125e-7,
      "z": 0
    },
    "_lrot": {
      "__type__": "cc.Quat",
      "x": 4.697524458856119e-10,
      "y": 0.12609809280913337,
      "z": -6.246201296294787e-11,
      "w": 0.992017777557388
    },
    "_lscale": {
      "__type__": "cc.Vec3",
      "x": 1.0000001192092896,
      "y": 1,
      "z": 0.9999998807907104
    },
    "_mobility": 0,
    "_layer": 1073741824,
    "_euler": {
      "__type__": "cc.Vec3",
      "x": 5.4302546930414785e-8,
      "y": 14.488347335565951,
      "z": -3.126676252684355e-10
    },
    "_id": ""
  },
  {
    "__type__": "cc.Node",
    "_name": "Bip002 R Finger22",
    "_objFlags": 0,
    "_parent": {
      "__id__": 62
    },
    "_children": [],
    "_active": true,
    "_components": [],
    "_prefab": {
      "__id__": 64
    },
    "_lpos": {
      "__type__": "cc.Vec3",
      "x": 0.0656747817993164,
      "y": 1.1920928955078125e-7,
      "z": 0
    },
    "_lrot": {
      "__type__": "cc.Quat",
      "x": 9.395040000621576e-10,
      "y": 0.1260981221375761,
      "z": -3.758016444337826e-9,
      "w": 0.9920177738293688
    },
    "_lscale": {
      "__type__": "cc.Vec3",
      "x": 1,
      "y": 1,
      "z": 0.9999998807907104
    },
    "_mobility": 0,
    "_layer": 1073741824,
    "_euler": {
      "__type__": "cc.Vec3",
      "x": 1.6110238015344363e-7,
      "y": 14.48835072340038,
      "z": -4.136238950734458e-7
    },
    "_id": ""
  },
  {
    "__type__": "cc.PrefabInfo",
    "root": {
      "__id__": 1
    },
    "asset": {
      "__id__": 0
    },
    "fileId": "43x73cQHpWCY+fx7BSXaz0",
    "instance": null,
    "targetOverrides": null,
    "nestedPrefabInstanceRoots": null
  },
  {
    "__type__": "cc.PrefabInfo",
    "root": {
      "__id__": 1
    },
    "asset": {
      "__id__": 0
    },
    "fileId": "48gkEWiRFYe5gP8Rc3WUkI",
    "instance": null,
    "targetOverrides": null,
    "nestedPrefabInstanceRoots": null
  },
  {
    "__type__": "cc.PrefabInfo",
    "root": {
      "__id__": 1
    },
    "asset": {
      "__id__": 0
    },
    "fileId": "9a2PxmhxldkaUEaHDmt/g1",
    "instance": null,
    "targetOverrides": null,
    "nestedPrefabInstanceRoots": null
  },
  {
    "__type__": "cc.Node",
    "_name": "Bip002 R Finger3",
    "_objFlags": 0,
    "_parent": {
      "__id__": 48
    },
    "_children": [
      {
        "__id__": 68
      }
    ],
    "_active": true,
    "_components": [],
    "_prefab": {
      "__id__": 72
    },
    "_lpos": {
      "__type__": "cc.Vec3",
      "x": 0.25801753997802734,
      "y": -0.03340023756027222,
      "z": -0.00006496906280517578
    },
    "_lrot": {
      "__type__": "cc.Quat",
      "x": 0.05963092657085492,
      "y": 0.31676885417870576,
      "z": -0.08301037532210935,
      "w": 0.9429798106043913
    },
    "_lscale": {
      "__type__": "cc.Vec3",
      "x": 1.000000238418579,
      "y": 0.9999998807907104,
      "z": 1
    },
    "_mobility": 0,
    "_layer": 1073741824,
    "_euler": {
      "__type__": "cc.Vec3",
      "x": 9.568604288265075,
      "y": 37.70839744093824,
      "z": -6.821454375815925
    },
    "_id": ""
  },
  {
    "__type__": "cc.Node",
    "_name": "Bip002 R Finger31",
    "_objFlags": 0,
    "_parent": {
      "__id__": 67
    },
    "_children": [
      {
        "__id__": 69
      }
    ],
    "_active": true,
    "_components": [],
    "_prefab": {
      "__id__": 71
    },
    "_lpos": {
      "__type__": "cc.Vec3",
      "x": 0.04921460151672363,
      "y": 0,
      "z": -1.1920928955078125e-7
    },
    "_lrot": {
      "__type__": "cc.Quat",
      "x": -2.676862101654255e-9,
      "y": 0.15822038269091204,
      "z": 3.6019432370185636e-9,
      "w": 0.9874038234183323
    },
    "_lscale": {
      "__type__": "cc.Vec3",
      "x": 1.000000238418579,
      "y": 0.9999998807907104,
      "z": 1.0000001192092896
    },
    "_mobility": 0,
    "_layer": 1073741824,
    "_euler": {
      "__type__": "cc.Vec3",
      "x": -3.681878026919706e-7,
      "y": 18.20723188095982,
      "z": 3.5901975220473506e-7
    },
    "_id": ""
  },
  {
    "__type__": "cc.Node",
    "_name": "Bip002 R Finger32",
    "_objFlags": 0,
    "_parent": {
      "__id__": 68
    },
    "_children": [],
    "_active": true,
    "_components": [],
    "_prefab": {
      "__id__": 70
    },
    "_lpos": {
      "__type__": "cc.Vec3",
      "x": 0.05428886413574219,
      "y": 2.9802322387695312e-8,
      "z": 0
    },
    "_lrot": {
      "__type__": "cc.Quat",
      "x": 1.0490014566492711e-9,
      "y": 0.0780065518135563,
      "z": 0,
      "w": 0.9969528463644401
    },
    "_lscale": {
      "__type__": "cc.Vec3",
      "x": 1.0000001192092896,
      "y": 0.9999998807907104,
      "z": 1.000000238418579
    },
    "_mobility": 0,
    "_layer": 1073741824,
    "_euler": {
      "__type__": "cc.Vec3",
      "x": 1.1984042401763774e-7,
      "y": 8.947982860375465,
      "z": 9.376911134343753e-9
    },
    "_id": ""
  },
  {
    "__type__": "cc.PrefabInfo",
    "root": {
      "__id__": 1
    },
    "asset": {
      "__id__": 0
    },
    "fileId": "fcZYUduW5d9aBBmuFrg0F7",
    "instance": null,
    "targetOverrides": null,
    "nestedPrefabInstanceRoots": null
  },
  {
    "__type__": "cc.PrefabInfo",
    "root": {
      "__id__": 1
    },
    "asset": {
      "__id__": 0
    },
    "fileId": "c9k7adAepTx5+wJcA81w/P",
    "instance": null,
    "targetOverrides": null,
    "nestedPrefabInstanceRoots": null
  },
  {
    "__type__": "cc.PrefabInfo",
    "root": {
      "__id__": 1
    },
    "asset": {
      "__id__": 0
    },
    "fileId": "d9UGnsqaFSTbx6GKqzzybF",
    "instance": null,
    "targetOverrides": null,
    "nestedPrefabInstanceRoots": null
  },
  {
    "__type__": "cc.Node",
    "_name": "Bip002 R Finger4",
    "_objFlags": 0,
    "_parent": {
      "__id__": 48
    },
    "_children": [
      {
        "__id__": 74
      }
    ],
    "_active": true,
    "_components": [],
    "_prefab": {
      "__id__": 78
    },
    "_lpos": {
      "__type__": "cc.Vec3",
      "x": 0.24704039096832275,
      "y": -0.08190596103668213,
      "z": -0.019670486450195312
    },
    "_lrot": {
      "__type__": "cc.Quat",
      "x": 0.08681456833311438,
      "y": 0.2474516059391916,
      "z": -0.048052832974880756,
      "w": 0.9638059237659509
    },
    "_lscale": {
      "__type__": "cc.Vec3",
      "x": 1.0000001192092896,
      "y": 1,
      "z": 0.9999998807907104
    },
    "_mobility": 0,
    "_layer": 1073741824,
    "_euler": {
      "__type__": "cc.Vec3",
      "x": 11.032304226872471,
      "y": 29.0736595169429,
      "z": -2.846616949519205
    },
    "_id": ""
  },
  {
    "__type__": "cc.Node",
    "_name": "Bip002 R Finger41",
    "_objFlags": 0,
    "_parent": {
      "__id__": 73
    },
    "_children": [
      {
        "__id__": 75
      }
    ],
    "_active": true,
    "_components": [],
    "_prefab": {
      "__id__": 77
    },
    "_lpos": {
      "__type__": "cc.Vec3",
      "x": 0.038811326026916504,
      "y": 0,
      "z": 0
    },
    "_lrot": {
      "__type__": "cc.Quat",
      "x": -3.859055320334328e-9,
      "y": 0.11640222439382181,
      "z": 8.884043553333528e-10,
      "w": 0.993202155734758
    },
    "_lscale": {
      "__type__": "cc.Vec3",
      "x": 1.0000001192092896,
      "y": 1,
      "z": 0.9999999403953552
    },
    "_mobility": 0,
    "_layer": 1073741824,
    "_euler": {
      "__type__": "cc.Vec3",
      "x": -4.510592258600949e-7,
      "y": 13.369019622828322,
      "z": 4.9636765904260794e-8
    },
    "_id": ""
  },
  {
    "__type__": "cc.Node",
    "_name": "Bip002 R Finger42",
    "_objFlags": 0,
    "_parent": {
      "__id__": 74
    },
    "_children": [],
    "_active": true,
    "_components": [],
    "_prefab": {
      "__id__": 76
    },
    "_lpos": {
      "__type__": "cc.Vec3",
      "x": 0.038811326026916504,
      "y": 0,
      "z": -5.960464477539063e-8
    },
    "_lrot": {
      "__type__": "cc.Quat",
      "x": 2.2836150863248153e-9,
      "y": 0.11640223174345095,
      "z": 2.8467954803739885e-9,
      "w": 0.9932021548733893
    },
    "_lscale": {
      "__type__": "cc.Vec3",
      "x": 0.9999998807907104,
      "y": 0.9999999403953552,
      "z": 1
    },
    "_mobility": 0,
    "_layer": 1073741824,
    "_euler": {
      "__type__": "cc.Vec3",
      "x": 2.219315438841654e-7,
      "y": 13.36902047079815,
      "z": 3.5446163462257066e-7
    },
    "_id": ""
  },
  {
    "__type__": "cc.PrefabInfo",
    "root": {
      "__id__": 1
    },
    "asset": {
      "__id__": 0
    },
    "fileId": "2dRAtaH45dwJyMwjAK2F2W",
    "instance": null,
    "targetOverrides": null,
    "nestedPrefabInstanceRoots": null
  },
  {
    "__type__": "cc.PrefabInfo",
    "root": {
      "__id__": 1
    },
    "asset": {
      "__id__": 0
    },
    "fileId": "93oqfKzzVSlbImaCWiiEhr",
    "instance": null,
    "targetOverrides": null,
    "nestedPrefabInstanceRoots": null
  },
  {
    "__type__": "cc.PrefabInfo",
    "root": {
      "__id__": 1
    },
    "asset": {
      "__id__": 0
    },
    "fileId": "0e8H4NcVZQ7LUgLYVVPK8h",
    "instance": null,
    "targetOverrides": null,
    "nestedPrefabInstanceRoots": null
  },
  {
    "__type__": "cc.PrefabInfo",
    "root": {
      "__id__": 1
    },
    "asset": {
      "__id__": 0
    },
    "fileId": "d8a5QSHRld/op3ivrfgSCq",
    "instance": null,
    "targetOverrides": null,
    "nestedPrefabInstanceRoots": null
  },
  {
    "__type__": "cc.PrefabInfo",
    "root": {
      "__id__": 1
    },
    "asset": {
      "__id__": 0
    },
    "fileId": "19u7XT0EhemrRCy3PJKMbz",
    "instance": null,
    "targetOverrides": null,
    "nestedPrefabInstanceRoots": null
  },
  {
    "__type__": "cc.PrefabInfo",
    "root": {
      "__id__": 1
    },
    "asset": {
      "__id__": 0
    },
    "fileId": "89NtObTXdZgrNn/8U941iI",
    "instance": null,
    "targetOverrides": null,
    "nestedPrefabInstanceRoots": null
  },
  {
    "__type__": "cc.PrefabInfo",
    "root": {
      "__id__": 1
    },
    "asset": {
      "__id__": 0
    },
    "fileId": "1dRTxc0xxfoZp725JZXO99",
    "instance": null,
    "targetOverrides": null,
    "nestedPrefabInstanceRoots": null
  },
  {
    "__type__": "cc.Node",
    "_name": "Bip002 Head",
    "_objFlags": 0,
    "_parent": {
      "__id__": 6
    },
    "_children": [],
    "_active": true,
    "_components": [],
    "_prefab": {
      "__id__": 84
    },
    "_lpos": {
      "__type__": "cc.Vec3",
      "x": 0.18754291534423828,
      "y": 0,
      "z": -1.4901161193847656e-8
    },
    "_lrot": {
      "__type__": "cc.Quat",
      "x": -8.786147143705162e-14,
      "y": -0.03122232576672472,
      "z": -8.659632757083116e-8,
      "w": 0.9995124643413452
    },
    "_lscale": {
      "__type__": "cc.Vec3",
      "x": 1,
      "y": 0.9999999403953552,
      "z": 0.9999999403953552
    },
    "_mobility": 0,
    "_layer": 1073741824,
    "_euler": {
      "__type__": "cc.Vec3",
      "x": -3.098357017926332e-7,
      "y": -3.5783965369060278,
      "z": -0.000009918369950092832
    },
    "_id": ""
  },
  {
    "__type__": "cc.PrefabInfo",
    "root": {
      "__id__": 1
    },
    "asset": {
      "__id__": 0
    },
    "fileId": "01CV7FnCxQFLRjTXG6Ad5p",
    "instance": null,
    "targetOverrides": null,
    "nestedPrefabInstanceRoots": null
  },
  {
    "__type__": "cc.PrefabInfo",
    "root": {
      "__id__": 1
    },
    "asset": {
      "__id__": 0
    },
    "fileId": "53UwC8ZapShL0SaRqaEEcs",
    "instance": null,
    "targetOverrides": null,
    "nestedPrefabInstanceRoots": null
  },
  {
    "__type__": "cc.PrefabInfo",
    "root": {
      "__id__": 1
    },
    "asset": {
      "__id__": 0
    },
    "fileId": "5735CR+71RepGkPCdaNQ2L",
    "instance": null,
    "targetOverrides": null,
    "nestedPrefabInstanceRoots": null
  },
  {
    "__type__": "cc.Node",
    "_name": "Bip002 L Thigh",
    "_objFlags": 0,
    "_parent": {
      "__id__": 4
    },
    "_children": [
      {
        "__id__": 88
      }
    ],
    "_active": true,
    "_components": [],
    "_prefab": {
      "__id__": 94
    },
    "_lpos": {
      "__type__": "cc.Vec3",
      "x": -0.2528039216995239,
      "y": 0.2641824185848236,
      "z": -0.000475078821182251
    },
    "_lrot": {
      "__type__": "cc.Quat",
      "x": -0.007310619912619043,
      "y": 0.014188269830691559,
      "z": -0.993821603158877,
      "w": -0.10983564508129504
    },
    "_lscale": {
      "__type__": "cc.Vec3",
      "x": 1,
      "y": 1,
      "z": 1
    },
    "_mobility": 0,
    "_layer": 1073741824,
    "_euler": {
      "__type__": "cc.Vec3",
      "x": 178.24977359484376,
      "y": -178.96386343214957,
      "z": 12.597850192803794
    },
    "_id": ""
  },
  {
    "__type__": "cc.Node",
    "_name": "Bip002 L Calf",
    "_objFlags": 0,
    "_parent": {
      "__id__": 87
    },
    "_children": [
      {
        "__id__": 89
      }
    ],
    "_active": true,
    "_components": [],
    "_prefab": {
      "__id__": 93
    },
    "_lpos": {
      "__type__": "cc.Vec3",
      "x": 0.6210788488388062,
      "y": 0,
      "z": 1.862645149230957e-9
    },
    "_lrot": {
      "__type__": "cc.Quat",
      "x": -3.4676556204086317e-11,
      "y": -0.021934063750405283,
      "z": 3.70651969783765e-9,
      "w": 0.9997594194842042
    },
    "_lscale": {
      "__type__": "cc.Vec3",
      "x": 1,
      "y": 1,
      "z": 0.9999999403953552
    },
    "_mobility": 0,
    "_layer": 1073741824,
    "_euler": {
      "__type__": "cc.Vec3",
      "x": 5.343499009245589e-9,
      "y": -2.513660143389423,
      "z": 4.247208456486013e-7
    },
    "_id": ""
  },
  {
    "__type__": "cc.Node",
    "_name": "Bip002 L Foot",
    "_objFlags": 0,
    "_parent": {
      "__id__": 88
    },
    "_children": [
      {
        "__id__": 90
      }
    ],
    "_active": true,
    "_components": [],
    "_prefab": {
      "__id__": 92
    },
    "_lpos": {
      "__type__": "cc.Vec3",
      "x": 0.6210787892341614,
      "y": 0,
      "z": -5.587935447692871e-9
    },
    "_lrot": {
      "__type__": "cc.Quat",
      "x": -0.1345264601088139,
      "y": 0.012528476188518371,
      "z": 0.11271523579192666,
      "w": 0.9843987730769254
    },
    "_lscale": {
      "__type__": "cc.Vec3",
      "x": 0.9999999403953552,
      "y": 0.9999999403953552,
      "z": 0.9999998807907104
    },
    "_mobility": 0,
    "_layer": 1073741824,
    "_euler": {
      "__type__": "cc.Vec3",
      "x": -15.920926482238785,
      "y": 3.2305942475318408,
      "z": 12.623450616107252
    },
    "_id": ""
  },
  {
    "__type__": "cc.Node",
    "_name": "Bip002 L Toe0",
    "_objFlags": 0,
    "_parent": {
      "__id__": 89
    },
    "_children": [],
    "_active": true,
    "_components": [],
    "_prefab": {
      "__id__": 91
    },
    "_lpos": {
      "__type__": "cc.Vec3",
      "x": 0.22456009685993195,
      "y": 0,
      "z": -0.2889990508556366
    },
    "_lrot": {
      "__type__": "cc.Quat",
      "x": 1.5454311872698817e-8,
      "y": 0.7071067811865474,
      "z": -1.5454311872698817e-8,
      "w": 0.7071067811865474
    },
    "_lscale": {
      "__type__": "cc.Vec3",
      "x": 0.9999998807907104,
      "y": 0.9999999403953552,
      "z": 0.9999999403953552
    },
    "_mobility": 0,
    "_layer": 1073741824,
    "_euler": {
      "__type__": "cc.Vec3",
      "x": 0.000002504478444114821,
      "y": 90.00000000000001,
      "z": 0
    },
    "_id": ""
  },
  {
    "__type__": "cc.PrefabInfo",
    "root": {
      "__id__": 1
    },
    "asset": {
      "__id__": 0
    },
    "fileId": "8cHxIotbBQA4S1ayra+JTZ",
    "instance": null,
    "targetOverrides": null,
    "nestedPrefabInstanceRoots": null
  },
  {
    "__type__": "cc.PrefabInfo",
    "root": {
      "__id__": 1
    },
    "asset": {
      "__id__": 0
    },
    "fileId": "b7H+nTMl9foYM3xroILt/E",
    "instance": null,
    "targetOverrides": null,
    "nestedPrefabInstanceRoots": null
  },
  {
    "__type__": "cc.PrefabInfo",
    "root": {
      "__id__": 1
    },
    "asset": {
      "__id__": 0
    },
    "fileId": "4dx5pQU+NTnrVc1MnouhLT",
    "instance": null,
    "targetOverrides": null,
    "nestedPrefabInstanceRoots": null
  },
  {
    "__type__": "cc.PrefabInfo",
    "root": {
      "__id__": 1
    },
    "asset": {
      "__id__": 0
    },
    "fileId": "1aT+v1NS9Z7Yc8FAEPVg3O",
    "instance": null,
    "targetOverrides": null,
    "nestedPrefabInstanceRoots": null
  },
  {
    "__type__": "cc.Node",
    "_name": "Bip002 R Thigh",
    "_objFlags": 0,
    "_parent": {
      "__id__": 4
    },
    "_children": [
      {
        "__id__": 96
      }
    ],
    "_active": true,
    "_components": [],
    "_prefab": {
      "__id__": 102
    },
    "_lpos": {
      "__type__": "cc.Vec3",
      "x": -0.2528039216995239,
      "y": -0.2641824185848236,
      "z": -0.0004765428602695465
    },
    "_lrot": {
      "__type__": "cc.Quat",
      "x": -0.007310314191753449,
      "y": -0.01418551260877592,
      "z": -0.9938216328763596,
      "w": 0.10983575267375542
    },
    "_lscale": {
      "__type__": "cc.Vec3",
      "x": 1,
      "y": 0.9999998807907104,
      "z": 1.0000001192092896
    },
    "_mobility": 0,
    "_layer": 1073741824,
    "_euler": {
      "__type__": "cc.Vec3",
      "x": -178.25009918810895,
      "y": -178.96393440973864,
      "z": -12.597866007369333
    },
    "_id": ""
  },
  {
    "__type__": "cc.Node",
    "_name": "Bip002 R Calf",
    "_objFlags": 0,
    "_parent": {
      "__id__": 95
    },
    "_children": [
      {
        "__id__": 97
      }
    ],
    "_active": true,
    "_components": [],
    "_prefab": {
      "__id__": 101
    },
    "_lpos": {
      "__type__": "cc.Vec3",
      "x": 0.6210788488388062,
      "y": -5.960464477539063e-8,
      "z": 9.313225746154785e-10
    },
    "_lrot": {
      "__type__": "cc.Quat",
      "x": 3.2684304733649494e-10,
      "y": -0.021934063750405283,
      "z": -1.0213622317302408e-11,
      "w": 0.9997594194842042
    },
    "_lscale": {
      "__type__": "cc.Vec3",
      "x": 1,
      "y": 0.9999998807907104,
      "z": 0.9999999403953552
    },
    "_mobility": 0,
    "_layer": 1073741824,
    "_euler": {
      "__type__": "cc.Vec3",
      "x": 3.741877226333374e-8,
      "y": -2.513660143389423,
      "z": -1.991619785845318e-9
    },
    "_id": ""
  },
  {
    "__type__": "cc.Node",
    "_name": "Bip002 R Foot",
    "_objFlags": 0,
    "_parent": {
      "__id__": 96
    },
    "_children": [
      {
        "__id__": 98
      }
    ],
    "_active": true,
    "_components": [],
    "_prefab": {
      "__id__": 100
    },
    "_lpos": {
      "__type__": "cc.Vec3",
      "x": 0.6210787296295166,
      "y": 0,
      "z": -5.587935447692871e-9
    },
    "_lrot": {
      "__type__": "cc.Quat",
      "x": 0.13452647352112787,
      "y": 0.012528462080023426,
      "z": -0.11271531650085638,
      "w": 0.9843987621822726
    },
    "_lscale": {
      "__type__": "cc.Vec3",
      "x": 0.9999999403953552,
      "y": 1,
      "z": 0.9999999403953552
    },
    "_mobility": 0,
    "_layer": 1073741824,
    "_euler": {
      "__type__": "cc.Vec3",
      "x": 15.9209284446258,
      "y": 3.2305941714865503,
      "z": -12.623460004848537
    },
    "_id": ""
  },
  {
    "__type__": "cc.Node",
    "_name": "Bip002 R Toe0",
    "_objFlags": 0,
    "_parent": {
      "__id__": 97
    },
    "_children": [],
    "_active": true,
    "_components": [],
    "_prefab": {
      "__id__": 99
    },
    "_lpos": {
      "__type__": "cc.Vec3",
      "x": 0.22456009685993195,
      "y": 0,
      "z": -0.2889990210533142
    },
    "_lrot": {
      "__type__": "cc.Quat",
      "x": -1.0185953588390975e-8,
      "y": 0.7071067811865474,
      "z": 2.0722666604292914e-8,
      "w": 0.7071067811865474
    },
    "_lscale": {
      "__type__": "cc.Vec3",
      "x": 0.9999999403953552,
      "y": 1,
      "z": 0.9999999403953552
    },
    "_mobility": 0,
    "_layer": 1073741824,
    "_euler": {
      "__type__": "cc.Vec3",
      "x": -0.0000025044781562438674,
      "y": 90.00000000000004,
      "z": 8.537737182193318e-7
    },
    "_id": ""
  },
  {
    "__type__": "cc.PrefabInfo",
    "root": {
      "__id__": 1
    },
    "asset": {
      "__id__": 0
    },
    "fileId": "5aIFD+Mk9bNaTGJJgTismr",
    "instance": null,
    "targetOverrides": null,
    "nestedPrefabInstanceRoots": null
  },
  {
    "__type__": "cc.PrefabInfo",
    "root": {
      "__id__": 1
    },
    "asset": {
      "__id__": 0
    },
    "fileId": "7dH6/B/WNb2LAC33Gim+Ic",
    "instance": null,
    "targetOverrides": null,
    "nestedPrefabInstanceRoots": null
  },
  {
    "__type__": "cc.PrefabInfo",
    "root": {
      "__id__": 1
    },
    "asset": {
      "__id__": 0
    },
    "fileId": "7aiGF4HAZU+47+E5jx648S",
    "instance": null,
    "targetOverrides": null,
    "nestedPrefabInstanceRoots": null
  },
  {
    "__type__": "cc.PrefabInfo",
    "root": {
      "__id__": 1
    },
    "asset": {
      "__id__": 0
    },
    "fileId": "aeKpCvYpNcy7NiRFpaynpG",
    "instance": null,
    "targetOverrides": null,
    "nestedPrefabInstanceRoots": null
  },
  {
    "__type__": "cc.PrefabInfo",
    "root": {
      "__id__": 1
    },
    "asset": {
      "__id__": 0
    },
    "fileId": "0fBu1gFk1XRJxp9RAB+YOM",
    "instance": null,
    "targetOverrides": null,
    "nestedPrefabInstanceRoots": null
  },
  {
    "__type__": "cc.PrefabInfo",
    "root": {
      "__id__": 1
    },
    "asset": {
      "__id__": 0
    },
    "fileId": "ebQhrHAX5dEZRiG3ZkLNGQ",
    "instance": null,
    "targetOverrides": null,
    "nestedPrefabInstanceRoots": null
  },
  {
    "__type__": "cc.PrefabInfo",
    "root": {
      "__id__": 1
    },
    "asset": {
      "__id__": 0
    },
    "fileId": "4euJr+Z3pf/oXzs1potgBo",
    "instance": null,
    "targetOverrides": null,
    "nestedPrefabInstanceRoots": null
  },
  {
    "__type__": "cc.PrefabInfo",
    "root": {
      "__id__": 1
    },
    "asset": {
      "__id__": 0
    },
    "fileId": "d3N/uHfGJZCazPZ2MdXRk6",
    "instance": null,
    "targetOverrides": null,
    "nestedPrefabInstanceRoots": null
  }
]