{
  "__type__": "cc.EffectAsset",
  "_name": "builtin-particle-xr-trail",
  "_objFlags": 0,
  "_native": "",
  "techniques": [
    {
      "name": "add",
      "passes": [
        {
          "rasterizerState": {
            "cullMode": 0
          },
          "blendState": {
            "targets": [
              {
                "blend": true,
                "blendSrc": 2,
                "blendDst": 4,
                "blendSrcAlpha": 2,
                "blendDstAlpha": 4
              }
            ]
          },
          "program": "builtin-particle-xr-trail|builtin/internal/particle-trail:vs_main|tinted-fs:add",
          "depthStencilState": {
            "depthTest": true,
            "depthWrite": false
          },
          "properties": {
            "mainTexture": {
              "value": "white",
              "type": 28
            },
            "mainTiling_Offset": {
              "value": [
                1,
                1,
                0,
                0
              ],
              "type": 16
            },
            "frameTile_velLenScale": {
              "value": [
                1,
                1,
                0,
                0
              ],
              "type": 16
            },
            "tintColor": {
              "value": [
                0.5,
                0.5,
                0.5,
                0.5
              ],
              "editor": {
                "type": "color"
              },
              "type": 16
            }
          }
        }
      ]
    }
  ],
  "shaders": [
    {
      "blocks": [
        {
          "name": "Constants",
          "members": [
            {
              "name": "mainTiling_Offset",
              "type": 16,
              "count": 1
            },
            {
              "name": "frameTile_velLenScale",
              "type": 16,
              "count": 1
            },
            {
              "name": "scale",
              "type": 16,
              "count": 1
            },
            {
              "name": "nodeRotation",
              "type": 16,
              "count": 1
            }
          ],
          "defines": [],
          "stageFlags": 1,
          "binding": 0
        },
        {
          "name": "FragConstants",
          "members": [
            {
              "name": "tintColor",
              "type": 16,
              "count": 1
            }
          ],
          "defines": [],
          "stageFlags": 16,
          "binding": 1
        }
      ],
      "samplerTextures": [
        {
          "name": "mainTexture",
          "type": 28,
          "count": 1,
          "defines": [],
          "stageFlags": 16,
          "binding": 2
        }
      ],
      "samplers": [],
      "textures": [],
      "buffers": [],
      "images": [],
      "subpassInputs": [],
      "attributes": [
        {
          "name": "a_position",
          "defines": [],
          "format": 32,
          "location": 0
        },
        {
          "name": "a_texCoord",
          "defines": [],
          "format": 44,
          "location": 1
        },
        {
          "name": "a_texCoord1",
          "defines": [],
          "format": 32,
          "location": 2
        },
        {
          "name": "a_texCoord2",
          "defines": [],
          "format": 32,
          "location": 3
        },
        {
          "name": "a_color",
          "defines": [],
          "format": 44,
          "location": 4
        }
      ],
      "varyings": [
        {
          "name": "uv",
          "type": 14,
          "count": 1,
          "defines": [],
          "stageFlags": 17,
          "location": 0
        },
        {
          "name": "color",
          "type": 16,
          "count": 1,
          "defines": [],
          "stageFlags": 17,
          "location": 1
        },
        {
          "name": "vBarycentric",
          "type": 15,
          "count": 1,
          "defines": [
            "CC_DRAW_WIRE_FRAME"
          ],
          "stageFlags": 17,
          "location": 2
        }
      ],
      "fragColors": [
        {
          "name": "cc_FragColor",
          "typename": "vec4",
          "type": 16,
          "count": 1,
          "defines": [],
          "stageFlags": 16,
          "location": 0
        }
      ],
      "descriptors": [
        {
          "rate": 0,
          "blocks": [
            {
              "tags": {
                "builtin": "local"
              },
              "name": "CCLocal",
              "members": [
                {
                  "name": "cc_matWorld",
                  "typename": "mat4",
                  "type": 25,
                  "count": 1,
                  "precision": "highp "
                },
                {
                  "name": "cc_matWorldIT",
                  "typename": "mat4",
                  "type": 25,
                  "count": 1,
                  "precision": "highp "
                },
                {
                  "name": "cc_lightingMapUVParam",
                  "typename": "vec4",
                  "type": 16,
                  "count": 1,
                  "precision": "highp "
                },
                {
                  "name": "cc_localShadowBias",
                  "typename": "vec4",
                  "type": 16,
                  "count": 1,
                  "precision": "highp "
                }
              ],
              "defines": [],
              "stageFlags": 1
            }
          ],
          "samplerTextures": [],
          "samplers": [],
          "textures": [],
          "buffers": [],
          "images": [],
          "subpassInputs": []
        },
        {
          "rate": 1,
          "blocks": [
            {
              "name": "Constants",
              "members": [
                {
                  "name": "mainTiling_Offset",
                  "type": 16,
                  "count": 1
                },
                {
                  "name": "frameTile_velLenScale",
                  "type": 16,
                  "count": 1
                },
                {
                  "name": "scale",
                  "type": 16,
                  "count": 1
                },
                {
                  "name": "nodeRotation",
                  "type": 16,
                  "count": 1
                }
              ],
              "defines": [],
              "stageFlags": 1,
              "binding": 0
            },
            {
              "name": "FragConstants",
              "members": [
                {
                  "name": "tintColor",
                  "type": 16,
                  "count": 1
                }
              ],
              "defines": [],
              "stageFlags": 16,
              "binding": 1
            }
          ],
          "samplerTextures": [
            {
              "name": "mainTexture",
              "type": 28,
              "count": 1,
              "defines": [],
              "stageFlags": 16,
              "binding": 2
            }
          ],
          "samplers": [],
          "textures": [],
          "buffers": [],
          "images": [],
          "subpassInputs": []
        },
        {
          "rate": 2,
          "blocks": [],
          "samplerTextures": [],
          "samplers": [],
          "textures": [],
          "buffers": [],
          "images": [],
          "subpassInputs": []
        },
        {
          "rate": 3,
          "blocks": [
            {
              "tags": {
                "builtin": "global"
              },
              "name": "CCGlobal",
              "members": [
                {
                  "name": "cc_time",
                  "typename": "vec4",
                  "type": 16,
                  "count": 1,
                  "precision": "highp "
                },
                {
                  "name": "cc_screenSize",
                  "typename": "vec4",
                  "type": 16,
                  "count": 1,
                  "precision": "mediump "
                },
                {
                  "name": "cc_nativeSize",
                  "typename": "vec4",
                  "type": 16,
                  "count": 1,
                  "precision": "mediump "
                },
                {
                  "name": "cc_debug_view_mode",
                  "typename": "vec4",
                  "type": 16,
                  "count": 1,
                  "precision": "mediump "
                },
                {
                  "name": "cc_debug_view_composite_pack_1",
                  "typename": "vec4",
                  "type": 16,
                  "count": 1,
                  "precision": "mediump "
                },
                {
                  "name": "cc_debug_view_composite_pack_2",
                  "typename": "vec4",
                  "type": 16,
                  "count": 1,
                  "precision": "mediump "
                },
                {
                  "name": "cc_debug_view_composite_pack_3",
                  "typename": "vec4",
                  "type": 16,
                  "count": 1,
                  "precision": "mediump "
                }
              ],
              "defines": [],
              "stageFlags": 17
            },
            {
              "tags": {
                "builtin": "global"
              },
              "name": "CCCamera",
              "members": [
                {
                  "name": "cc_matView",
                  "typename": "mat4",
                  "type": 25,
                  "count": 1,
                  "precision": "highp "
                },
                {
                  "name": "cc_matViewInv",
                  "typename": "mat4",
                  "type": 25,
                  "count": 1,
                  "precision": "highp "
                },
                {
                  "name": "cc_matProj",
                  "typename": "mat4",
                  "type": 25,
                  "count": 1,
                  "precision": "highp "
                },
                {
                  "name": "cc_matProjInv",
                  "typename": "mat4",
                  "type": 25,
                  "count": 1,
                  "precision": "highp "
                },
                {
                  "name": "cc_matViewProj",
                  "typename": "mat4",
                  "type": 25,
                  "count": 1,
                  "precision": "highp "
                },
                {
                  "name": "cc_matViewProjInv",
                  "typename": "mat4",
                  "type": 25,
                  "count": 1,
                  "precision": "highp "
                },
                {
                  "name": "cc_cameraPos",
                  "typename": "vec4",
                  "type": 16,
                  "count": 1,
                  "precision": "highp "
                },
                {
                  "name": "cc_surfaceTransform",
                  "typename": "vec4",
                  "type": 16,
                  "count": 1,
                  "precision": "mediump "
                },
                {
                  "name": "cc_screenScale",
                  "typename": "vec4",
                  "type": 16,
                  "count": 1,
                  "precision": "mediump "
                },
                {
                  "name": "cc_exposure",
                  "typename": "vec4",
                  "type": 16,
                  "count": 1,
                  "precision": "mediump "
                },
                {
                  "name": "cc_mainLitDir",
                  "typename": "vec4",
                  "type": 16,
                  "count": 1,
                  "precision": "mediump "
                },
                {
                  "name": "cc_mainLitColor",
                  "typename": "vec4",
                  "type": 16,
                  "count": 1,
                  "precision": "mediump "
                },
                {
                  "name": "cc_ambientSky",
                  "typename": "vec4",
                  "type": 16,
                  "count": 1,
                  "precision": "mediump "
                },
                {
                  "name": "cc_ambientGround",
                  "typename": "vec4",
                  "type": 16,
                  "count": 1,
                  "precision": "mediump "
                },
                {
                  "name": "cc_fogColor",
                  "typename": "vec4",
                  "type": 16,
                  "count": 1,
                  "precision": "mediump "
                },
                {
                  "name": "cc_fogBase",
                  "typename": "vec4",
                  "type": 16,
                  "count": 1,
                  "precision": "mediump "
                },
                {
                  "name": "cc_fogAdd",
                  "typename": "vec4",
                  "type": 16,
                  "count": 1,
                  "precision": "mediump "
                },
                {
                  "name": "cc_nearFar",
                  "typename": "vec4",
                  "type": 16,
                  "count": 1,
                  "precision": "mediump "
                },
                {
                  "name": "cc_viewPort",
                  "typename": "vec4",
                  "type": 16,
                  "count": 1,
                  "precision": "mediump "
                }
              ],
              "defines": [],
              "stageFlags": 17
            }
          ],
          "samplerTextures": [],
          "samplers": [],
          "textures": [],
          "buffers": [],
          "images": [],
          "subpassInputs": []
        }
      ],
      "hash": 893186120,
      "glsl4": {
        "vert": "\nprecision mediump float;\nlayout(set = 1, binding = 0) uniform Constants {\n  vec4 mainTiling_Offset;\n  vec4 frameTile_velLenScale;\n  vec4 scale;\n  vec4 nodeRotation;\n};\nlayout(set = 0, binding = 0) uniform CCGlobal {\n  highp   vec4 cc_time;\n  mediump vec4 cc_screenSize;\n  mediump vec4 cc_nativeSize;\n  mediump vec4 cc_debug_view_mode;\n  mediump vec4 cc_debug_view_composite_pack_1;\n  mediump vec4 cc_debug_view_composite_pack_2;\n  mediump vec4 cc_debug_view_composite_pack_3;\n};\nlayout(set = 0, binding = 1) uniform CCCamera {\n  highp   mat4 cc_matView;\n  highp   mat4 cc_matViewInv;\n  highp   mat4 cc_matProj;\n  highp   mat4 cc_matProjInv;\n  highp   mat4 cc_matViewProj;\n  highp   mat4 cc_matViewProjInv;\n  highp   vec4 cc_cameraPos;\n  mediump vec4 cc_surfaceTransform;\n  mediump vec4 cc_screenScale;\n  mediump vec4 cc_exposure;\n  mediump vec4 cc_mainLitDir;\n  mediump vec4 cc_mainLitColor;\n  mediump vec4 cc_ambientSky;\n  mediump vec4 cc_ambientGround;\n  mediump vec4 cc_fogColor;\n  mediump vec4 cc_fogBase;\n  mediump vec4 cc_fogAdd;\n  mediump vec4 cc_nearFar;\n  mediump vec4 cc_viewPort;\n};\nlayout(set = 2, binding = 0) uniform CCLocal {\n  highp mat4 cc_matWorld;\n  highp mat4 cc_matWorldIT;\n  highp vec4 cc_lightingMapUVParam;\n  highp vec4 cc_localShadowBias;\n};\nlayout(location = 0) out mediump vec2 uv;\nlayout(location = 1) out mediump vec4 color;\nlayout(location = 0) in vec3 a_position;\nlayout(location = 1) in vec4 a_texCoord;\nlayout(location = 2) in vec3 a_texCoord1;\nlayout(location = 3) in vec3 a_texCoord2;\nlayout(location = 4) in vec4 a_color;\n#if CC_DRAW_WIRE_FRAME\n  layout(location = 2) out vec3 vBarycentric;\n#endif\nvec4 vs_main() {\n  highp vec4 pos = vec4(a_position, 1);\n  vec4 velocity = vec4(a_texCoord1.xyz, 0);\n  #if !CC_USE_WORLD_SPACE\n    pos = cc_matWorld * pos;\n    velocity = cc_matWorld * velocity;\n  #endif\n  float vertOffset = (a_texCoord.x - 0.5) * a_texCoord.y;\n  vec3 camUp = normalize(cross(pos.xyz - cc_cameraPos.xyz, velocity.xyz));\n  pos.xyz += camUp * vertOffset;\n  pos = cc_matViewProj * pos;\n  uv = a_texCoord.zw * mainTiling_Offset.xy + mainTiling_Offset.zw;;\n  color = a_color;\n  #if CC_DRAW_WIRE_FRAME\n    vBarycentric = a_texCoord2;\n  #endif\n  return pos;\n}\nvoid main() { gl_Position = vs_main(); }",
        "frag": "\n  precision mediump float;\n  layout(set = 0, binding = 0) uniform CCGlobal {\n    highp   vec4 cc_time;\n    mediump vec4 cc_screenSize;\n    mediump vec4 cc_nativeSize;\n    mediump vec4 cc_debug_view_mode;\n    mediump vec4 cc_debug_view_composite_pack_1;\n    mediump vec4 cc_debug_view_composite_pack_2;\n    mediump vec4 cc_debug_view_composite_pack_3;\n  };\n  layout(set = 0, binding = 1) uniform CCCamera {\n    highp   mat4 cc_matView;\n    highp   mat4 cc_matViewInv;\n    highp   mat4 cc_matProj;\n    highp   mat4 cc_matProjInv;\n    highp   mat4 cc_matViewProj;\n    highp   mat4 cc_matViewProjInv;\n    highp   vec4 cc_cameraPos;\n    mediump vec4 cc_surfaceTransform;\n    mediump vec4 cc_screenScale;\n    mediump vec4 cc_exposure;\n    mediump vec4 cc_mainLitDir;\n    mediump vec4 cc_mainLitColor;\n    mediump vec4 cc_ambientSky;\n    mediump vec4 cc_ambientGround;\n    mediump vec4 cc_fogColor;\n    mediump vec4 cc_fogBase;\n    mediump vec4 cc_fogAdd;\n    mediump vec4 cc_nearFar;\n    mediump vec4 cc_viewPort;\n  };\n  #define CC_SURFACES_DEBUG_VIEW_VERTEX_COLOR 1\n  #define CC_SURFACES_DEBUG_VIEW_VERTEX_NORMAL CC_SURFACES_DEBUG_VIEW_VERTEX_COLOR + 1\n  #define CC_SURFACES_DEBUG_VIEW_VERTEX_TANGENT CC_SURFACES_DEBUG_VIEW_VERTEX_NORMAL + 1\n  #define CC_SURFACES_DEBUG_VIEW_WORLD_POS CC_SURFACES_DEBUG_VIEW_VERTEX_TANGENT + 1\n  #define CC_SURFACES_DEBUG_VIEW_VERTEX_MIRROR CC_SURFACES_DEBUG_VIEW_WORLD_POS + 1\n  #define CC_SURFACES_DEBUG_VIEW_FACE_SIDE CC_SURFACES_DEBUG_VIEW_VERTEX_MIRROR + 1\n  #define CC_SURFACES_DEBUG_VIEW_UV0 CC_SURFACES_DEBUG_VIEW_FACE_SIDE + 1\n  #define CC_SURFACES_DEBUG_VIEW_UV1 CC_SURFACES_DEBUG_VIEW_UV0 + 1\n  #define CC_SURFACES_DEBUG_VIEW_UVLIGHTMAP CC_SURFACES_DEBUG_VIEW_UV1 + 1\n  #define CC_SURFACES_DEBUG_VIEW_PROJ_DEPTH CC_SURFACES_DEBUG_VIEW_UVLIGHTMAP + 1\n  #define CC_SURFACES_DEBUG_VIEW_LINEAR_DEPTH CC_SURFACES_DEBUG_VIEW_PROJ_DEPTH + 1\n  #define CC_SURFACES_DEBUG_VIEW_FRAGMENT_NORMAL CC_SURFACES_DEBUG_VIEW_LINEAR_DEPTH + 1\n  #define CC_SURFACES_DEBUG_VIEW_FRAGMENT_TANGENT CC_SURFACES_DEBUG_VIEW_FRAGMENT_NORMAL + 1\n  #define CC_SURFACES_DEBUG_VIEW_FRAGMENT_BINORMAL CC_SURFACES_DEBUG_VIEW_FRAGMENT_TANGENT + 1\n  #define CC_SURFACES_DEBUG_VIEW_BASE_COLOR CC_SURFACES_DEBUG_VIEW_FRAGMENT_BINORMAL + 1\n  #define CC_SURFACES_DEBUG_VIEW_DIFFUSE_COLOR CC_SURFACES_DEBUG_VIEW_BASE_COLOR + 1\n  #define CC_SURFACES_DEBUG_VIEW_SPECULAR_COLOR CC_SURFACES_DEBUG_VIEW_DIFFUSE_COLOR + 1\n  #define CC_SURFACES_DEBUG_VIEW_TRANSPARENCY CC_SURFACES_DEBUG_VIEW_SPECULAR_COLOR + 1\n  #define CC_SURFACES_DEBUG_VIEW_METALLIC CC_SURFACES_DEBUG_VIEW_TRANSPARENCY + 1\n  #define CC_SURFACES_DEBUG_VIEW_ROUGHNESS CC_SURFACES_DEBUG_VIEW_METALLIC + 1\n  #define CC_SURFACES_DEBUG_VIEW_SPECULAR_INTENSITY CC_SURFACES_DEBUG_VIEW_ROUGHNESS + 1\n  #define CC_SURFACES_DEBUG_VIEW_DIRECT_DIFFUSE CC_SURFACES_DEBUG_VIEW_SPECULAR_INTENSITY + 1\n  #define CC_SURFACES_DEBUG_VIEW_DIRECT_SPECULAR CC_SURFACES_DEBUG_VIEW_DIRECT_DIFFUSE + 1\n  #define CC_SURFACES_DEBUG_VIEW_DIRECT_ALL CC_SURFACES_DEBUG_VIEW_DIRECT_SPECULAR + 1\n  #define CC_SURFACES_DEBUG_VIEW_ENV_DIFFUSE CC_SURFACES_DEBUG_VIEW_DIRECT_ALL + 1\n  #define CC_SURFACES_DEBUG_VIEW_ENV_SPECULAR CC_SURFACES_DEBUG_VIEW_ENV_DIFFUSE + 1\n  #define CC_SURFACES_DEBUG_VIEW_ENV_ALL CC_SURFACES_DEBUG_VIEW_ENV_SPECULAR + 1\n  #define CC_SURFACES_DEBUG_VIEW_EMISSIVE CC_SURFACES_DEBUG_VIEW_ENV_ALL + 1\n  #define CC_SURFACES_DEBUG_VIEW_LIGHT_MAP CC_SURFACES_DEBUG_VIEW_EMISSIVE + 1\n  #define CC_SURFACES_DEBUG_VIEW_SHADOW CC_SURFACES_DEBUG_VIEW_LIGHT_MAP + 1\n  #define CC_SURFACES_DEBUG_VIEW_AO CC_SURFACES_DEBUG_VIEW_SHADOW + 1\n  #define CC_SURFACES_DEBUG_VIEW_FOG CC_SURFACES_DEBUG_VIEW_AO + 1\n  #define CC_SURFACES_DEBUG_VIEW_SINGLE 1\n  #define CC_SURFACES_DEBUG_VIEW_COMPOSITE_AND_MISC 2\n  #define IS_DEBUG_VIEW_ENABLE_WITH_CAMERA (cc_surfaceTransform.y != 3.0)\n    #define IS_DEBUG_VIEW_LIGHTING_ENABLE_WITH_ALBEDO ((cc_debug_view_mode.y > 0.0) || !IS_DEBUG_VIEW_ENABLE_WITH_CAMERA)\n  #define IS_DEBUG_VIEW_MISC_ENABLE_CSM_LAYER_COLORATION ((cc_debug_view_mode.z > 0.0) && IS_DEBUG_VIEW_ENABLE_WITH_CAMERA)\n  #define IS_DEBUG_VIEW_COMPOSITE_ENABLE_DIRECT_DIFFUSE ((cc_debug_view_composite_pack_1.x > 0.0) || !IS_DEBUG_VIEW_ENABLE_WITH_CAMERA)\n  #define IS_DEBUG_VIEW_COMPOSITE_ENABLE_DIRECT_SPECULAR ((cc_debug_view_composite_pack_1.y > 0.0) || !IS_DEBUG_VIEW_ENABLE_WITH_CAMERA)\n  #define IS_DEBUG_VIEW_COMPOSITE_ENABLE_ENV_DIFFUSE ((cc_debug_view_composite_pack_1.z > 0.0) || !IS_DEBUG_VIEW_ENABLE_WITH_CAMERA)\n  #define IS_DEBUG_VIEW_COMPOSITE_ENABLE_ENV_SPECULAR ((cc_debug_view_composite_pack_1.w > 0.0) || !IS_DEBUG_VIEW_ENABLE_WITH_CAMERA)\n  #define IS_DEBUG_VIEW_COMPOSITE_ENABLE_EMISSIVE ((cc_debug_view_composite_pack_2.x > 0.0) || !IS_DEBUG_VIEW_ENABLE_WITH_CAMERA)\n  #define IS_DEBUG_VIEW_COMPOSITE_ENABLE_LIGHT_MAP ((cc_debug_view_composite_pack_2.y > 0.0) || !IS_DEBUG_VIEW_ENABLE_WITH_CAMERA)\n  #define IS_DEBUG_VIEW_COMPOSITE_ENABLE_SHADOW ((cc_debug_view_composite_pack_2.z > 0.0) || !IS_DEBUG_VIEW_ENABLE_WITH_CAMERA)\n  #define IS_DEBUG_VIEW_COMPOSITE_ENABLE_AO ((cc_debug_view_composite_pack_2.w > 0.0) || !IS_DEBUG_VIEW_ENABLE_WITH_CAMERA)\n  #define IS_DEBUG_VIEW_COMPOSITE_ENABLE_NORMAL_MAP ((cc_debug_view_composite_pack_3.x > 0.0) || !IS_DEBUG_VIEW_ENABLE_WITH_CAMERA)\n  #define IS_DEBUG_VIEW_COMPOSITE_ENABLE_FOG ((cc_debug_view_composite_pack_3.y > 0.0) || !IS_DEBUG_VIEW_ENABLE_WITH_CAMERA)\n  #define IS_DEBUG_VIEW_COMPOSITE_ENABLE_TONE_MAPPING ((cc_debug_view_composite_pack_3.z > 0.0) || !IS_DEBUG_VIEW_ENABLE_WITH_CAMERA)\n  #define IS_DEBUG_VIEW_COMPOSITE_ENABLE_GAMMA_CORRECTION ((cc_debug_view_composite_pack_3.w > 0.0) || !IS_DEBUG_VIEW_ENABLE_WITH_CAMERA)\n  vec4 CCFragOutput (vec4 color) {\n    return color;\n  }\n  layout(location = 0) in vec2 uv;\n  layout(location = 1) in vec4 color;\n  #if CC_DRAW_WIRE_FRAME\n    layout(location = 2) in vec3 vBarycentric;\n  #endif\n  layout(set = 1, binding = 2) uniform sampler2D mainTexture;\n  layout(set = 1, binding = 1) uniform FragConstants {\n    vec4 tintColor;\n  };\n  vec4 add () {\n    vec4 col = 2.0 * color * tintColor * texture(mainTexture, uv);\n#if CC_DRAW_WIRE_FRAME\n    if (any(lessThan(vBarycentric, vec3(0.02)))) {\n        col = vec4(0., 1., 1., 1.);\n    }\n#endif\n    return CCFragOutput(col);\n  }\nlayout(location = 0) out vec4 cc_FragColor;\nvoid main() { cc_FragColor = add(); }"
      },
      "glsl3": {
        "vert": "\nprecision mediump float;\nlayout(std140) uniform Constants {\n  vec4 mainTiling_Offset;\n  vec4 frameTile_velLenScale;\n  vec4 scale;\n  vec4 nodeRotation;\n};\nlayout(std140) uniform CCGlobal {\n  highp   vec4 cc_time;\n  mediump vec4 cc_screenSize;\n  mediump vec4 cc_nativeSize;\n  mediump vec4 cc_debug_view_mode;\n  mediump vec4 cc_debug_view_composite_pack_1;\n  mediump vec4 cc_debug_view_composite_pack_2;\n  mediump vec4 cc_debug_view_composite_pack_3;\n};\nlayout(std140) uniform CCCamera {\n  highp   mat4 cc_matView;\n  highp   mat4 cc_matViewInv;\n  highp   mat4 cc_matProj;\n  highp   mat4 cc_matProjInv;\n  highp   mat4 cc_matViewProj;\n  highp   mat4 cc_matViewProjInv;\n  highp   vec4 cc_cameraPos;\n  mediump vec4 cc_surfaceTransform;\n  mediump vec4 cc_screenScale;\n  mediump vec4 cc_exposure;\n  mediump vec4 cc_mainLitDir;\n  mediump vec4 cc_mainLitColor;\n  mediump vec4 cc_ambientSky;\n  mediump vec4 cc_ambientGround;\n  mediump vec4 cc_fogColor;\n  mediump vec4 cc_fogBase;\n  mediump vec4 cc_fogAdd;\n  mediump vec4 cc_nearFar;\n  mediump vec4 cc_viewPort;\n};\nlayout(std140) uniform CCLocal {\n  highp mat4 cc_matWorld;\n  highp mat4 cc_matWorldIT;\n  highp vec4 cc_lightingMapUVParam;\n  highp vec4 cc_localShadowBias;\n};\nout mediump vec2 uv;\nout mediump vec4 color;\nin vec3 a_position;\nin vec4 a_texCoord;\nin vec3 a_texCoord1;\nin vec3 a_texCoord2;\nin vec4 a_color;\n#if CC_DRAW_WIRE_FRAME\n  out vec3 vBarycentric;\n#endif\nvec4 vs_main() {\n  highp vec4 pos = vec4(a_position, 1);\n  vec4 velocity = vec4(a_texCoord1.xyz, 0);\n  #if !CC_USE_WORLD_SPACE\n    pos = cc_matWorld * pos;\n    velocity = cc_matWorld * velocity;\n  #endif\n  float vertOffset = (a_texCoord.x - 0.5) * a_texCoord.y;\n  vec3 camUp = normalize(cross(pos.xyz - cc_cameraPos.xyz, velocity.xyz));\n  pos.xyz += camUp * vertOffset;\n  pos = cc_matViewProj * pos;\n  uv = a_texCoord.zw * mainTiling_Offset.xy + mainTiling_Offset.zw;;\n  color = a_color;\n  #if CC_DRAW_WIRE_FRAME\n    vBarycentric = a_texCoord2;\n  #endif\n  return pos;\n}\nvoid main() { gl_Position = vs_main(); }",
        "frag": "\n  precision mediump float;\n  layout(std140) uniform CCGlobal {\n    highp   vec4 cc_time;\n    mediump vec4 cc_screenSize;\n    mediump vec4 cc_nativeSize;\n    mediump vec4 cc_debug_view_mode;\n    mediump vec4 cc_debug_view_composite_pack_1;\n    mediump vec4 cc_debug_view_composite_pack_2;\n    mediump vec4 cc_debug_view_composite_pack_3;\n  };\n  layout(std140) uniform CCCamera {\n    highp   mat4 cc_matView;\n    highp   mat4 cc_matViewInv;\n    highp   mat4 cc_matProj;\n    highp   mat4 cc_matProjInv;\n    highp   mat4 cc_matViewProj;\n    highp   mat4 cc_matViewProjInv;\n    highp   vec4 cc_cameraPos;\n    mediump vec4 cc_surfaceTransform;\n    mediump vec4 cc_screenScale;\n    mediump vec4 cc_exposure;\n    mediump vec4 cc_mainLitDir;\n    mediump vec4 cc_mainLitColor;\n    mediump vec4 cc_ambientSky;\n    mediump vec4 cc_ambientGround;\n    mediump vec4 cc_fogColor;\n    mediump vec4 cc_fogBase;\n    mediump vec4 cc_fogAdd;\n    mediump vec4 cc_nearFar;\n    mediump vec4 cc_viewPort;\n  };\n  #define CC_SURFACES_DEBUG_VIEW_VERTEX_COLOR 1\n  #define CC_SURFACES_DEBUG_VIEW_VERTEX_NORMAL CC_SURFACES_DEBUG_VIEW_VERTEX_COLOR + 1\n  #define CC_SURFACES_DEBUG_VIEW_VERTEX_TANGENT CC_SURFACES_DEBUG_VIEW_VERTEX_NORMAL + 1\n  #define CC_SURFACES_DEBUG_VIEW_WORLD_POS CC_SURFACES_DEBUG_VIEW_VERTEX_TANGENT + 1\n  #define CC_SURFACES_DEBUG_VIEW_VERTEX_MIRROR CC_SURFACES_DEBUG_VIEW_WORLD_POS + 1\n  #define CC_SURFACES_DEBUG_VIEW_FACE_SIDE CC_SURFACES_DEBUG_VIEW_VERTEX_MIRROR + 1\n  #define CC_SURFACES_DEBUG_VIEW_UV0 CC_SURFACES_DEBUG_VIEW_FACE_SIDE + 1\n  #define CC_SURFACES_DEBUG_VIEW_UV1 CC_SURFACES_DEBUG_VIEW_UV0 + 1\n  #define CC_SURFACES_DEBUG_VIEW_UVLIGHTMAP CC_SURFACES_DEBUG_VIEW_UV1 + 1\n  #define CC_SURFACES_DEBUG_VIEW_PROJ_DEPTH CC_SURFACES_DEBUG_VIEW_UVLIGHTMAP + 1\n  #define CC_SURFACES_DEBUG_VIEW_LINEAR_DEPTH CC_SURFACES_DEBUG_VIEW_PROJ_DEPTH + 1\n  #define CC_SURFACES_DEBUG_VIEW_FRAGMENT_NORMAL CC_SURFACES_DEBUG_VIEW_LINEAR_DEPTH + 1\n  #define CC_SURFACES_DEBUG_VIEW_FRAGMENT_TANGENT CC_SURFACES_DEBUG_VIEW_FRAGMENT_NORMAL + 1\n  #define CC_SURFACES_DEBUG_VIEW_FRAGMENT_BINORMAL CC_SURFACES_DEBUG_VIEW_FRAGMENT_TANGENT + 1\n  #define CC_SURFACES_DEBUG_VIEW_BASE_COLOR CC_SURFACES_DEBUG_VIEW_FRAGMENT_BINORMAL + 1\n  #define CC_SURFACES_DEBUG_VIEW_DIFFUSE_COLOR CC_SURFACES_DEBUG_VIEW_BASE_COLOR + 1\n  #define CC_SURFACES_DEBUG_VIEW_SPECULAR_COLOR CC_SURFACES_DEBUG_VIEW_DIFFUSE_COLOR + 1\n  #define CC_SURFACES_DEBUG_VIEW_TRANSPARENCY CC_SURFACES_DEBUG_VIEW_SPECULAR_COLOR + 1\n  #define CC_SURFACES_DEBUG_VIEW_METALLIC CC_SURFACES_DEBUG_VIEW_TRANSPARENCY + 1\n  #define CC_SURFACES_DEBUG_VIEW_ROUGHNESS CC_SURFACES_DEBUG_VIEW_METALLIC + 1\n  #define CC_SURFACES_DEBUG_VIEW_SPECULAR_INTENSITY CC_SURFACES_DEBUG_VIEW_ROUGHNESS + 1\n  #define CC_SURFACES_DEBUG_VIEW_DIRECT_DIFFUSE CC_SURFACES_DEBUG_VIEW_SPECULAR_INTENSITY + 1\n  #define CC_SURFACES_DEBUG_VIEW_DIRECT_SPECULAR CC_SURFACES_DEBUG_VIEW_DIRECT_DIFFUSE + 1\n  #define CC_SURFACES_DEBUG_VIEW_DIRECT_ALL CC_SURFACES_DEBUG_VIEW_DIRECT_SPECULAR + 1\n  #define CC_SURFACES_DEBUG_VIEW_ENV_DIFFUSE CC_SURFACES_DEBUG_VIEW_DIRECT_ALL + 1\n  #define CC_SURFACES_DEBUG_VIEW_ENV_SPECULAR CC_SURFACES_DEBUG_VIEW_ENV_DIFFUSE + 1\n  #define CC_SURFACES_DEBUG_VIEW_ENV_ALL CC_SURFACES_DEBUG_VIEW_ENV_SPECULAR + 1\n  #define CC_SURFACES_DEBUG_VIEW_EMISSIVE CC_SURFACES_DEBUG_VIEW_ENV_ALL + 1\n  #define CC_SURFACES_DEBUG_VIEW_LIGHT_MAP CC_SURFACES_DEBUG_VIEW_EMISSIVE + 1\n  #define CC_SURFACES_DEBUG_VIEW_SHADOW CC_SURFACES_DEBUG_VIEW_LIGHT_MAP + 1\n  #define CC_SURFACES_DEBUG_VIEW_AO CC_SURFACES_DEBUG_VIEW_SHADOW + 1\n  #define CC_SURFACES_DEBUG_VIEW_FOG CC_SURFACES_DEBUG_VIEW_AO + 1\n  #define CC_SURFACES_DEBUG_VIEW_SINGLE 1\n  #define CC_SURFACES_DEBUG_VIEW_COMPOSITE_AND_MISC 2\n  #define IS_DEBUG_VIEW_ENABLE_WITH_CAMERA (cc_surfaceTransform.y != 3.0)\n    #define IS_DEBUG_VIEW_LIGHTING_ENABLE_WITH_ALBEDO ((cc_debug_view_mode.y > 0.0) || !IS_DEBUG_VIEW_ENABLE_WITH_CAMERA)\n  #define IS_DEBUG_VIEW_MISC_ENABLE_CSM_LAYER_COLORATION ((cc_debug_view_mode.z > 0.0) && IS_DEBUG_VIEW_ENABLE_WITH_CAMERA)\n  #define IS_DEBUG_VIEW_COMPOSITE_ENABLE_DIRECT_DIFFUSE ((cc_debug_view_composite_pack_1.x > 0.0) || !IS_DEBUG_VIEW_ENABLE_WITH_CAMERA)\n  #define IS_DEBUG_VIEW_COMPOSITE_ENABLE_DIRECT_SPECULAR ((cc_debug_view_composite_pack_1.y > 0.0) || !IS_DEBUG_VIEW_ENABLE_WITH_CAMERA)\n  #define IS_DEBUG_VIEW_COMPOSITE_ENABLE_ENV_DIFFUSE ((cc_debug_view_composite_pack_1.z > 0.0) || !IS_DEBUG_VIEW_ENABLE_WITH_CAMERA)\n  #define IS_DEBUG_VIEW_COMPOSITE_ENABLE_ENV_SPECULAR ((cc_debug_view_composite_pack_1.w > 0.0) || !IS_DEBUG_VIEW_ENABLE_WITH_CAMERA)\n  #define IS_DEBUG_VIEW_COMPOSITE_ENABLE_EMISSIVE ((cc_debug_view_composite_pack_2.x > 0.0) || !IS_DEBUG_VIEW_ENABLE_WITH_CAMERA)\n  #define IS_DEBUG_VIEW_COMPOSITE_ENABLE_LIGHT_MAP ((cc_debug_view_composite_pack_2.y > 0.0) || !IS_DEBUG_VIEW_ENABLE_WITH_CAMERA)\n  #define IS_DEBUG_VIEW_COMPOSITE_ENABLE_SHADOW ((cc_debug_view_composite_pack_2.z > 0.0) || !IS_DEBUG_VIEW_ENABLE_WITH_CAMERA)\n  #define IS_DEBUG_VIEW_COMPOSITE_ENABLE_AO ((cc_debug_view_composite_pack_2.w > 0.0) || !IS_DEBUG_VIEW_ENABLE_WITH_CAMERA)\n  #define IS_DEBUG_VIEW_COMPOSITE_ENABLE_NORMAL_MAP ((cc_debug_view_composite_pack_3.x > 0.0) || !IS_DEBUG_VIEW_ENABLE_WITH_CAMERA)\n  #define IS_DEBUG_VIEW_COMPOSITE_ENABLE_FOG ((cc_debug_view_composite_pack_3.y > 0.0) || !IS_DEBUG_VIEW_ENABLE_WITH_CAMERA)\n  #define IS_DEBUG_VIEW_COMPOSITE_ENABLE_TONE_MAPPING ((cc_debug_view_composite_pack_3.z > 0.0) || !IS_DEBUG_VIEW_ENABLE_WITH_CAMERA)\n  #define IS_DEBUG_VIEW_COMPOSITE_ENABLE_GAMMA_CORRECTION ((cc_debug_view_composite_pack_3.w > 0.0) || !IS_DEBUG_VIEW_ENABLE_WITH_CAMERA)\n  vec4 CCFragOutput (vec4 color) {\n    return color;\n  }\n  in vec2 uv;\n  in vec4 color;\n  #if CC_DRAW_WIRE_FRAME\n    in vec3 vBarycentric;\n  #endif\n  uniform sampler2D mainTexture;\n  layout(std140) uniform FragConstants {\n    vec4 tintColor;\n  };\n  vec4 add () {\n    vec4 col = 2.0 * color * tintColor * texture(mainTexture, uv);\n#if CC_DRAW_WIRE_FRAME\n    if (any(lessThan(vBarycentric, vec3(0.02)))) {\n        col = vec4(0., 1., 1., 1.);\n    }\n#endif\n    return CCFragOutput(col);\n  }\nlayout(location = 0) out vec4 cc_FragColor;\nvoid main() { cc_FragColor = add(); }"
      },
      "glsl1": {
        "vert": "\nprecision mediump float;\n   uniform vec4 mainTiling_Offset;\nuniform highp mat4 cc_matViewProj;\n  uniform highp vec4 cc_cameraPos;\nuniform highp mat4 cc_matWorld;\nvarying mediump vec2 uv;\nvarying mediump vec4 color;\nattribute vec3 a_position;\nattribute vec4 a_texCoord;\nattribute vec3 a_texCoord1;\nattribute vec3 a_texCoord2;\nattribute vec4 a_color;\n#if CC_DRAW_WIRE_FRAME\n  varying vec3 vBarycentric;\n#endif\nvec4 vs_main() {\n  highp vec4 pos = vec4(a_position, 1);\n  vec4 velocity = vec4(a_texCoord1.xyz, 0);\n  #if !CC_USE_WORLD_SPACE\n    pos = cc_matWorld * pos;\n    velocity = cc_matWorld * velocity;\n  #endif\n  float vertOffset = (a_texCoord.x - 0.5) * a_texCoord.y;\n  vec3 camUp = normalize(cross(pos.xyz - cc_cameraPos.xyz, velocity.xyz));\n  pos.xyz += camUp * vertOffset;\n  pos = cc_matViewProj * pos;\n  uv = a_texCoord.zw * mainTiling_Offset.xy + mainTiling_Offset.zw;;\n  color = a_color;\n  #if CC_DRAW_WIRE_FRAME\n    vBarycentric = a_texCoord2;\n  #endif\n  return pos;\n}\nvoid main() { gl_Position = vs_main(); }",
        "frag": "\n  precision mediump float;\n  uniform mediump vec4 cc_debug_view_mode;\n  uniform mediump vec4 cc_debug_view_composite_pack_1;\n  uniform mediump vec4 cc_debug_view_composite_pack_2;\n  uniform mediump vec4 cc_debug_view_composite_pack_3;\n  uniform mediump vec4 cc_surfaceTransform;\n  #define CC_SURFACES_DEBUG_VIEW_VERTEX_COLOR 1\n  #define CC_SURFACES_DEBUG_VIEW_VERTEX_NORMAL CC_SURFACES_DEBUG_VIEW_VERTEX_COLOR + 1\n  #define CC_SURFACES_DEBUG_VIEW_VERTEX_TANGENT CC_SURFACES_DEBUG_VIEW_VERTEX_NORMAL + 1\n  #define CC_SURFACES_DEBUG_VIEW_WORLD_POS CC_SURFACES_DEBUG_VIEW_VERTEX_TANGENT + 1\n  #define CC_SURFACES_DEBUG_VIEW_VERTEX_MIRROR CC_SURFACES_DEBUG_VIEW_WORLD_POS + 1\n  #define CC_SURFACES_DEBUG_VIEW_FACE_SIDE CC_SURFACES_DEBUG_VIEW_VERTEX_MIRROR + 1\n  #define CC_SURFACES_DEBUG_VIEW_UV0 CC_SURFACES_DEBUG_VIEW_FACE_SIDE + 1\n  #define CC_SURFACES_DEBUG_VIEW_UV1 CC_SURFACES_DEBUG_VIEW_UV0 + 1\n  #define CC_SURFACES_DEBUG_VIEW_UVLIGHTMAP CC_SURFACES_DEBUG_VIEW_UV1 + 1\n  #define CC_SURFACES_DEBUG_VIEW_PROJ_DEPTH CC_SURFACES_DEBUG_VIEW_UVLIGHTMAP + 1\n  #define CC_SURFACES_DEBUG_VIEW_LINEAR_DEPTH CC_SURFACES_DEBUG_VIEW_PROJ_DEPTH + 1\n  #define CC_SURFACES_DEBUG_VIEW_FRAGMENT_NORMAL CC_SURFACES_DEBUG_VIEW_LINEAR_DEPTH + 1\n  #define CC_SURFACES_DEBUG_VIEW_FRAGMENT_TANGENT CC_SURFACES_DEBUG_VIEW_FRAGMENT_NORMAL + 1\n  #define CC_SURFACES_DEBUG_VIEW_FRAGMENT_BINORMAL CC_SURFACES_DEBUG_VIEW_FRAGMENT_TANGENT + 1\n  #define CC_SURFACES_DEBUG_VIEW_BASE_COLOR CC_SURFACES_DEBUG_VIEW_FRAGMENT_BINORMAL + 1\n  #define CC_SURFACES_DEBUG_VIEW_DIFFUSE_COLOR CC_SURFACES_DEBUG_VIEW_BASE_COLOR + 1\n  #define CC_SURFACES_DEBUG_VIEW_SPECULAR_COLOR CC_SURFACES_DEBUG_VIEW_DIFFUSE_COLOR + 1\n  #define CC_SURFACES_DEBUG_VIEW_TRANSPARENCY CC_SURFACES_DEBUG_VIEW_SPECULAR_COLOR + 1\n  #define CC_SURFACES_DEBUG_VIEW_METALLIC CC_SURFACES_DEBUG_VIEW_TRANSPARENCY + 1\n  #define CC_SURFACES_DEBUG_VIEW_ROUGHNESS CC_SURFACES_DEBUG_VIEW_METALLIC + 1\n  #define CC_SURFACES_DEBUG_VIEW_SPECULAR_INTENSITY CC_SURFACES_DEBUG_VIEW_ROUGHNESS + 1\n  #define CC_SURFACES_DEBUG_VIEW_DIRECT_DIFFUSE CC_SURFACES_DEBUG_VIEW_SPECULAR_INTENSITY + 1\n  #define CC_SURFACES_DEBUG_VIEW_DIRECT_SPECULAR CC_SURFACES_DEBUG_VIEW_DIRECT_DIFFUSE + 1\n  #define CC_SURFACES_DEBUG_VIEW_DIRECT_ALL CC_SURFACES_DEBUG_VIEW_DIRECT_SPECULAR + 1\n  #define CC_SURFACES_DEBUG_VIEW_ENV_DIFFUSE CC_SURFACES_DEBUG_VIEW_DIRECT_ALL + 1\n  #define CC_SURFACES_DEBUG_VIEW_ENV_SPECULAR CC_SURFACES_DEBUG_VIEW_ENV_DIFFUSE + 1\n  #define CC_SURFACES_DEBUG_VIEW_ENV_ALL CC_SURFACES_DEBUG_VIEW_ENV_SPECULAR + 1\n  #define CC_SURFACES_DEBUG_VIEW_EMISSIVE CC_SURFACES_DEBUG_VIEW_ENV_ALL + 1\n  #define CC_SURFACES_DEBUG_VIEW_LIGHT_MAP CC_SURFACES_DEBUG_VIEW_EMISSIVE + 1\n  #define CC_SURFACES_DEBUG_VIEW_SHADOW CC_SURFACES_DEBUG_VIEW_LIGHT_MAP + 1\n  #define CC_SURFACES_DEBUG_VIEW_AO CC_SURFACES_DEBUG_VIEW_SHADOW + 1\n  #define CC_SURFACES_DEBUG_VIEW_FOG CC_SURFACES_DEBUG_VIEW_AO + 1\n  #define CC_SURFACES_DEBUG_VIEW_SINGLE 1\n  #define CC_SURFACES_DEBUG_VIEW_COMPOSITE_AND_MISC 2\n  #define IS_DEBUG_VIEW_ENABLE_WITH_CAMERA (cc_surfaceTransform.y != 3.0)\n    #define IS_DEBUG_VIEW_LIGHTING_ENABLE_WITH_ALBEDO ((cc_debug_view_mode.y > 0.0) || !IS_DEBUG_VIEW_ENABLE_WITH_CAMERA)\n  #define IS_DEBUG_VIEW_MISC_ENABLE_CSM_LAYER_COLORATION ((cc_debug_view_mode.z > 0.0) && IS_DEBUG_VIEW_ENABLE_WITH_CAMERA)\n  #define IS_DEBUG_VIEW_COMPOSITE_ENABLE_DIRECT_DIFFUSE ((cc_debug_view_composite_pack_1.x > 0.0) || !IS_DEBUG_VIEW_ENABLE_WITH_CAMERA)\n  #define IS_DEBUG_VIEW_COMPOSITE_ENABLE_DIRECT_SPECULAR ((cc_debug_view_composite_pack_1.y > 0.0) || !IS_DEBUG_VIEW_ENABLE_WITH_CAMERA)\n  #define IS_DEBUG_VIEW_COMPOSITE_ENABLE_ENV_DIFFUSE ((cc_debug_view_composite_pack_1.z > 0.0) || !IS_DEBUG_VIEW_ENABLE_WITH_CAMERA)\n  #define IS_DEBUG_VIEW_COMPOSITE_ENABLE_ENV_SPECULAR ((cc_debug_view_composite_pack_1.w > 0.0) || !IS_DEBUG_VIEW_ENABLE_WITH_CAMERA)\n  #define IS_DEBUG_VIEW_COMPOSITE_ENABLE_EMISSIVE ((cc_debug_view_composite_pack_2.x > 0.0) || !IS_DEBUG_VIEW_ENABLE_WITH_CAMERA)\n  #define IS_DEBUG_VIEW_COMPOSITE_ENABLE_LIGHT_MAP ((cc_debug_view_composite_pack_2.y > 0.0) || !IS_DEBUG_VIEW_ENABLE_WITH_CAMERA)\n  #define IS_DEBUG_VIEW_COMPOSITE_ENABLE_SHADOW ((cc_debug_view_composite_pack_2.z > 0.0) || !IS_DEBUG_VIEW_ENABLE_WITH_CAMERA)\n  #define IS_DEBUG_VIEW_COMPOSITE_ENABLE_AO ((cc_debug_view_composite_pack_2.w > 0.0) || !IS_DEBUG_VIEW_ENABLE_WITH_CAMERA)\n  #define IS_DEBUG_VIEW_COMPOSITE_ENABLE_NORMAL_MAP ((cc_debug_view_composite_pack_3.x > 0.0) || !IS_DEBUG_VIEW_ENABLE_WITH_CAMERA)\n  #define IS_DEBUG_VIEW_COMPOSITE_ENABLE_FOG ((cc_debug_view_composite_pack_3.y > 0.0) || !IS_DEBUG_VIEW_ENABLE_WITH_CAMERA)\n  #define IS_DEBUG_VIEW_COMPOSITE_ENABLE_TONE_MAPPING ((cc_debug_view_composite_pack_3.z > 0.0) || !IS_DEBUG_VIEW_ENABLE_WITH_CAMERA)\n  #define IS_DEBUG_VIEW_COMPOSITE_ENABLE_GAMMA_CORRECTION ((cc_debug_view_composite_pack_3.w > 0.0) || !IS_DEBUG_VIEW_ENABLE_WITH_CAMERA)\n  vec4 CCFragOutput (vec4 color) {\n    return color;\n  }\n  varying vec2 uv;\n  varying vec4 color;\n  #if CC_DRAW_WIRE_FRAME\n    varying vec3 vBarycentric;\n  #endif\n  uniform sampler2D mainTexture;\n      uniform vec4 tintColor;\n  vec4 add () {\n    vec4 col = 2.0 * color * tintColor * texture2D(mainTexture, uv);\n#if CC_DRAW_WIRE_FRAME\n    if (any(lessThan(vBarycentric, vec3(0.02)))) {\n        col = vec4(0., 1., 1., 1.);\n    }\n#endif\n    return CCFragOutput(col);\n  }\nvoid main() { gl_FragColor = add(); }"
      },
      "builtins": {
        "globals": {
          "blocks": [
            {
              "name": "CCGlobal",
              "defines": []
            },
            {
              "name": "CCCamera",
              "defines": []
            }
          ],
          "samplerTextures": [],
          "buffers": [],
          "images": []
        },
        "locals": {
          "blocks": [
            {
              "name": "CCLocal",
              "defines": []
            }
          ],
          "samplerTextures": [],
          "buffers": [],
          "images": []
        },
        "statistics": {
          "CC_EFFECT_USED_VERTEX_UNIFORM_VECTORS": 58,
          "CC_EFFECT_USED_FRAGMENT_UNIFORM_VECTORS": 45
        }
      },
      "defines": [
        {
          "name": "CC_RENDER_MODE",
          "type": "number",
          "defines": [],
          "range": [
            0,
            4
          ]
        },
        {
          "name": "CC_DRAW_WIRE_FRAME",
          "type": "boolean",
          "defines": []
        },
        {
          "name": "CC_USE_WORLD_SPACE",
          "type": "boolean",
          "defines": []
        }
      ],
      "name": "builtin-particle-xr-trail|builtin/internal/particle-trail:vs_main|tinted-fs:add"
    }
  ],
  "combinations": [],
  "hideInEditor": false
}