{
  "C:\\Users\\EASY COMPUTERS\\MindYourStep\\assets\\Scripts.meta": {
    "time": 1690199631317.7346
  },
  "C:\\Users\\EASY COMPUTERS\\MindYourStep\\assets\\Scripts": {
    "time": 1692802545420.572,
    "uuid": "894960e8-c9e6-4d7c-94c8-67a5915c9f9d",
    "missing": false
  },
  "C:\\Users\\EASY COMPUTERS\\MindYourStep\\assets\\Scripts\\PlayerController.ts.meta": {
    "time": 1690199682365.7424
  },
  "C:\\Users\\EASY COMPUTERS\\MindYourStep\\assets\\Scripts\\PlayerController.ts": {
    "time": 1707992414129.442,
    "uuid": "3dc0fec4-999f-4d2a-9777-9879f086d753",
    "missing": false
  },
  "C:\\Users\\EASY COMPUTERS\\MindYourStep\\assets\\scene.scene.meta": {
    "time": 1690203863235.6316
  },
  "C:\\Users\\EASY COMPUTERS\\MindYourStep\\assets\\scene.scene": {
    "time": 1707990675918.9846,
    "uuid": "daba5015-a58b-4b06-9933-cdab3cda0f07",
    "missing": false
  },
  "C:\\Users\\EASY COMPUTERS\\MindYourStep\\assets\\Animations.meta": {
    "time": 1691673332192.6091
  },
  "C:\\Users\\EASY COMPUTERS\\MindYourStep\\assets\\Animations\\oneStep.anim.meta": {
    "time": 1691673332643.337
  },
  "C:\\Users\\EASY COMPUTERS\\MindYourStep\\assets\\Animations": {
    "time": 1691673542418.0078,
    "uuid": "9c7f1b17-c502-48b5-a120-bd25d6500a40",
    "missing": false
  },
  "C:\\Users\\EASY COMPUTERS\\MindYourStep\\assets\\Animations\\oneStep.anim": {
    "time": 1691673507572.3103,
    "uuid": "65ed036f-7a98-4503-8598-4d9cb9bebeff",
    "missing": false
  },
  "C:\\Users\\EASY COMPUTERS\\MindYourStep\\assets\\Animations\\twoStep.anim.meta": {
    "time": 1691673542994.0076
  },
  "C:\\Users\\EASY COMPUTERS\\MindYourStep\\assets\\Animations\\twoStep.anim": {
    "time": 1691673843918.1177,
    "uuid": "cca9e99b-6da5-414c-8fdd-27a6521d6cdf",
    "missing": false
  },
  "C:\\Users\\EASY COMPUTERS\\MindYourStep\\assets\\Scripts\\GameManager.ts.meta": {
    "time": 1692802545446.5813
  },
  "C:\\Users\\EASY COMPUTERS\\MindYourStep\\assets\\Scripts\\GameManager.ts": {
    "time": 1707992173867.0515,
    "uuid": "aa4cc9f7-1ee2-4fb2-857b-3a993a001ec3",
    "missing": false
  },
  "C:\\Users\\EASY COMPUTERS\\MindYourStep\\assets\\Prefabs.meta": {
    "time": 1692802659343.962
  },
  "C:\\Users\\EASY COMPUTERS\\MindYourStep\\assets\\Prefabs": {
    "time": 1692804825037.7515,
    "uuid": "9876347b-e5c5-4642-86fd-fe7689b4b1c2",
    "missing": false
  },
  "C:\\Users\\EASY COMPUTERS\\MindYourStep\\assets\\Prefabs\\Cube.prefab.meta": {
    "time": 1692804825105.755
  },
  "C:\\Users\\EASY COMPUTERS\\MindYourStep\\assets\\Prefabs\\Cube.prefab": {
    "time": 1692804825098.75,
    "uuid": "2874dbf4-0147-44d8-a4eb-56fec4bb0c45",
    "missing": false
  },
  "C:\\Users\\EASY COMPUTERS\\MindYourStep\\assets\\cocos.meta": {
    "time": 1686821531000
  },
  "C:\\Users\\EASY COMPUTERS\\MindYourStep\\assets\\cocos\\animations.meta": {
    "time": 1686821531000
  },
  "C:\\Users\\EASY COMPUTERS\\MindYourStep\\assets\\cocos\\body.mtl.meta": {
    "time": 1695640443513.9377
  },
  "C:\\Users\\EASY COMPUTERS\\MindYourStep\\assets\\cocos\\Cocos.prefab.meta": {
    "time": 1695640444064.167
  },
  "C:\\Users\\EASY COMPUTERS\\MindYourStep\\assets\\cocos\\cocosfinish_01.bin.meta": {
    "time": 1695640443093.2158
  },
  "C:\\Users\\EASY COMPUTERS\\MindYourStep\\assets\\cocos\\cocosfinish_01_baseColor.png.meta": {
    "time": 1695640444159.17
  },
  "C:\\Users\\EASY COMPUTERS\\MindYourStep\\assets\\cocos\\cocosfinish_01_emissive.png.meta": {
    "time": 1695640444307.169
  },
  "C:\\Users\\EASY COMPUTERS\\MindYourStep\\assets\\cocos\\cocosfinish_01_normal.png.meta": {
    "time": 1695640444494.1646
  },
  "C:\\Users\\EASY COMPUTERS\\MindYourStep\\assets\\cocos\\cocosfinish_01_occlusionRoughnessMetallic.png.meta": {
    "time": 1695640444648.1655
  },
  "C:\\Users\\EASY COMPUTERS\\MindYourStep\\assets\\cocos\\cocosfinish_02.bin.meta": {
    "time": 1695640444628.1655
  },
  "C:\\Users\\EASY COMPUTERS\\MindYourStep\\assets\\cocos\\cocosfinish_02_baseColor.png.meta": {
    "time": 1695640447080.1665
  },
  "C:\\Users\\EASY COMPUTERS\\MindYourStep\\assets\\cocos\\cocosfinish_02_normal.png.meta": {
    "time": 1695640447280.1665
  },
  "C:\\Users\\EASY COMPUTERS\\MindYourStep\\assets\\cocos\\cocosfinish_02_occlusionRoughnessMetallic.png.meta": {
    "time": 1695640447505.1675
  },
  "C:\\Users\\EASY COMPUTERS\\MindYourStep\\assets\\cocos\\cocos_mesh.gltf.meta": {
    "time": 1695640447681.1658
  },
  "C:\\Users\\EASY COMPUTERS\\MindYourStep\\assets\\cocos\\cocos_mesh_helmet.gltf.meta": {
    "time": 1695640448955.9753
  },
  "C:\\Users\\EASY COMPUTERS\\MindYourStep\\assets\\cocos\\cocos_skel.gltf.meta": {
    "time": 1695640448824.9746
  },
  "C:\\Users\\EASY COMPUTERS\\MindYourStep\\assets\\cocos\\cocos_skel_ibm.bin.meta": {
    "time": 1695640448121.167
  },
  "C:\\Users\\EASY COMPUTERS\\MindYourStep\\assets\\cocos\\cocos_squat_anim.bin.meta": {
    "time": 1695640448951.9734
  },
  "C:\\Users\\EASY COMPUTERS\\MindYourStep\\assets\\cocos\\helmet.mtl.meta": {
    "time": 1695640449576.9724
  },
  "C:\\Users\\EASY COMPUTERS\\MindYourStep\\assets\\cocos\\animations\\cocos_anim_attack.bin.meta": {
    "time": 1695640449584.9688
  },
  "C:\\Users\\EASY COMPUTERS\\MindYourStep\\assets\\cocos\\animations\\cocos_anim_attack.gltf.meta": {
    "time": 1695640458511.6284
  },
  "C:\\Users\\EASY COMPUTERS\\MindYourStep\\assets\\cocos\\animations\\cocos_anim_die.bin.meta": {
    "time": 1695640450349.742
  },
  "C:\\Users\\EASY COMPUTERS\\MindYourStep\\assets\\cocos\\animations\\cocos_anim_die.gltf.meta": {
    "time": 1695640457984.6309
  },
  "C:\\Users\\EASY COMPUTERS\\MindYourStep\\assets\\cocos\\animations\\cocos_anim_down.bin.meta": {
    "time": 1695640450361.739
  },
  "C:\\Users\\EASY COMPUTERS\\MindYourStep\\assets\\cocos\\animations\\cocos_anim_down.gltf.meta": {
    "time": 1695640459975.6267
  },
  "C:\\Users\\EASY COMPUTERS\\MindYourStep\\assets\\cocos\\animations\\cocos_anim_hurt.bin.meta": {
    "time": 1695640455589.628
  },
  "C:\\Users\\EASY COMPUTERS\\MindYourStep\\assets\\cocos\\animations\\cocos_anim_hurt.gltf.meta": {
    "time": 1695640460217.6335
  },
  "C:\\Users\\EASY COMPUTERS\\MindYourStep\\assets\\cocos\\animations\\cocos_anim_idle.bin.meta": {
    "time": 1695640458560.632
  },
  "C:\\Users\\EASY COMPUTERS\\MindYourStep\\assets\\cocos\\animations\\cocos_anim_idle.gltf.meta": {
    "time": 1695640465170.6323
  },
  "C:\\Users\\EASY COMPUTERS\\MindYourStep\\assets\\cocos\\animations\\cocos_anim_jump.bin.meta": {
    "time": 1695640460371.6357
  },
  "C:\\Users\\EASY COMPUTERS\\MindYourStep\\assets\\cocos\\animations\\cocos_anim_jump.gltf.meta": {
    "time": 1695640465178.6262
  },
  "C:\\Users\\EASY COMPUTERS\\MindYourStep\\assets\\cocos\\animations\\cocos_anim_run.bin.meta": {
    "time": 1695640461447.633
  },
  "C:\\Users\\EASY COMPUTERS\\MindYourStep\\assets\\cocos\\animations\\cocos_anim_run.gltf.meta": {
    "time": 1695640465637.6318
  },
  "C:\\Users\\EASY COMPUTERS\\MindYourStep\\assets\\cocos\\animations\\cocos_anim_shoot.bin.meta": {
    "time": 1695640463105.6318
  },
  "C:\\Users\\EASY COMPUTERS\\MindYourStep\\assets\\cocos\\animations\\cocos_anim_shoot.gltf.meta": {
    "time": 1695640466032.6316
  },
  "C:\\Users\\EASY COMPUTERS\\MindYourStep\\assets\\cocos\\animations\\cocos_anim_squat.bin.meta": {
    "time": 1695640465478.629
  },
  "C:\\Users\\EASY COMPUTERS\\MindYourStep\\assets\\cocos\\animations\\cocos_anim_squat.gltf.meta": {
    "time": 1695640466689.6326
  },
  "C:\\Users\\EASY COMPUTERS\\MindYourStep\\assets\\cocos\\animations\\cocos_anim_walk.bin.meta": {
    "time": 1695640465708.6323
  },
  "C:\\Users\\EASY COMPUTERS\\MindYourStep\\assets\\cocos\\animations\\cocos_anim_walk.gltf.meta": {
    "time": 1695640466858.636
  },
  "C:\\Users\\EASY COMPUTERS\\MindYourStep\\assets\\cocos": {
    "time": 1695640441169.2195,
    "uuid": "d8da52c6-0127-41a6-9611-3c7718363db2",
    "missing": false
  },
  "C:\\Users\\EASY COMPUTERS\\MindYourStep\\assets\\cocos\\animations": {
    "time": 1695640441142.214,
    "uuid": "75b08e51-53d1-4bca-b3de-ad7713d25d2c",
    "missing": false
  },
  "C:\\Users\\EASY COMPUTERS\\MindYourStep\\assets\\cocos\\cocosfinish_01.bin": {
    "time": 1686821531000,
    "uuid": "b3df5b21-2fe6-410e-a10d-3df317e61bb5",
    "missing": false
  },
  "C:\\Users\\EASY COMPUTERS\\MindYourStep\\assets\\cocos\\body.mtl": {
    "time": 1695640442597.2175,
    "uuid": "58cf3db3-e6f4-4943-a076-26157912429c",
    "missing": false
  },
  "C:\\Users\\EASY COMPUTERS\\MindYourStep\\assets\\cocos\\Cocos.prefab": {
    "time": 1695640443522.4897,
    "uuid": "6cd4e8c1-b63f-4bbb-b3db-b323fa08b435",
    "missing": false
  },
  "C:\\Users\\EASY COMPUTERS\\MindYourStep\\assets\\cocos\\cocosfinish_01_baseColor.png": {
    "time": 1686821531000,
    "uuid": "5f4dd798-2ae6-4bbf-84b4-504bb6cceaed",
    "missing": false
  },
  "C:\\Users\\EASY COMPUTERS\\MindYourStep\\assets\\cocos\\cocosfinish_01_emissive.png": {
    "time": 1686821531000,
    "uuid": "026c4a15-e07d-4053-86de-9f9fe30188e5",
    "missing": false
  },
  "C:\\Users\\EASY COMPUTERS\\MindYourStep\\assets\\cocos\\cocosfinish_01_normal.png": {
    "time": 1686821531000,
    "uuid": "3af9be2f-93d2-41a0-b7b7-3cc03054b34a",
    "missing": false
  },
  "C:\\Users\\EASY COMPUTERS\\MindYourStep\\assets\\cocos\\cocosfinish_02.bin": {
    "time": 1686821531000,
    "uuid": "dcab7d1f-201e-45d8-911c-833cc5427723",
    "missing": false
  },
  "C:\\Users\\EASY COMPUTERS\\MindYourStep\\assets\\cocos\\cocosfinish_01_occlusionRoughnessMetallic.png": {
    "time": 1686821531000,
    "uuid": "64b1edbd-75c7-4159-a65a-f1e6d8c9812a",
    "missing": false
  },
  "C:\\Users\\EASY COMPUTERS\\MindYourStep\\assets\\cocos\\cocosfinish_02_baseColor.png": {
    "time": 1686821531000,
    "uuid": "8949c1f1-9b2b-418c-b150-611a94543416",
    "missing": false
  },
  "C:\\Users\\EASY COMPUTERS\\MindYourStep\\assets\\cocos\\cocosfinish_02_normal.png": {
    "time": 1686821531000,
    "uuid": "19819162-ce3f-4f7c-8889-8b2f35bf274c",
    "missing": false
  },
  "C:\\Users\\EASY COMPUTERS\\MindYourStep\\assets\\cocos\\cocosfinish_02_occlusionRoughnessMetallic.png": {
    "time": 1686821531000,
    "uuid": "cd618de5-59fc-4899-ba4f-55195f3e24ce",
    "missing": false
  },
  "C:\\Users\\EASY COMPUTERS\\MindYourStep\\assets\\cocos\\cocos_mesh.gltf": {
    "time": 1686821531000,
    "uuid": "5bee9f0c-9771-4e73-b0ea-0bbb6da67698",
    "missing": false
  },
  "C:\\Users\\EASY COMPUTERS\\MindYourStep\\assets\\cocos\\cocos_skel_ibm.bin": {
    "time": 1686821531000,
    "uuid": "8d2d3098-6841-41fc-af7f-4bac9e32b080",
    "missing": false
  },
  "C:\\Users\\EASY COMPUTERS\\MindYourStep\\assets\\cocos\\cocos_skel.gltf": {
    "time": 1686821531000,
    "uuid": "90f86573-5baf-41e2-97db-8604d1f42b65",
    "missing": false
  },
  "C:\\Users\\EASY COMPUTERS\\MindYourStep\\assets\\cocos\\cocos_squat_anim.bin": {
    "time": 1686821531000,
    "uuid": "b9ab6374-4e67-4db2-bb75-0256c62f6c7b",
    "missing": false
  },
  "C:\\Users\\EASY COMPUTERS\\MindYourStep\\assets\\cocos\\cocos_mesh_helmet.gltf": {
    "time": 1686821531000,
    "uuid": "fb9825a0-fd7f-48c5-b121-9af90f9f2011",
    "missing": false
  },
  "C:\\Users\\EASY COMPUTERS\\MindYourStep\\assets\\cocos\\helmet.mtl": {
    "time": 1695640448521.4585,
    "uuid": "7e81a899-6c7c-493d-80cf-e4f730e4f48f",
    "missing": false
  },
  "C:\\Users\\EASY COMPUTERS\\MindYourStep\\assets\\cocos\\animations\\cocos_anim_attack.bin": {
    "time": 1686821531000,
    "uuid": "73443895-6d8f-41b5-8e3f-4110d0f4dc31",
    "missing": false
  },
  "C:\\Users\\EASY COMPUTERS\\MindYourStep\\assets\\cocos\\animations\\cocos_anim_die.bin": {
    "time": 1686821531000,
    "uuid": "d1a7cd09-b5d9-422f-a4f3-112d85f1059c",
    "missing": false
  },
  "C:\\Users\\EASY COMPUTERS\\MindYourStep\\assets\\cocos\\animations\\cocos_anim_down.bin": {
    "time": 1686821531000,
    "uuid": "fe407fd3-1b9c-4fb7-9a97-edb4cdae6314",
    "missing": false
  },
  "C:\\Users\\EASY COMPUTERS\\MindYourStep\\assets\\cocos\\animations\\cocos_anim_hurt.bin": {
    "time": 1686821531000,
    "uuid": "a1efb6ff-ef74-4037-8801-d310eca22fd5",
    "missing": false
  },
  "C:\\Users\\EASY COMPUTERS\\MindYourStep\\assets\\cocos\\animations\\cocos_anim_die.gltf": {
    "time": 1686821531000,
    "uuid": "caf172df-03b7-4c5a-8a53-93f3e4be5146",
    "missing": false
  },
  "C:\\Users\\EASY COMPUTERS\\MindYourStep\\assets\\cocos\\animations\\cocos_anim_attack.gltf": {
    "time": 1686821531000,
    "uuid": "a873a742-b503-4a96-8570-6fe542697035",
    "missing": false
  },
  "C:\\Users\\EASY COMPUTERS\\MindYourStep\\assets\\cocos\\animations\\cocos_anim_idle.bin": {
    "time": 1686821531000,
    "uuid": "e9d41da7-da95-4119-8a6c-0937de2adb57",
    "missing": false
  },
  "C:\\Users\\EASY COMPUTERS\\MindYourStep\\assets\\cocos\\animations\\cocos_anim_down.gltf": {
    "time": 1686821531000,
    "uuid": "27ac412c-9efa-4ead-8e2c-fe6533c7878f",
    "missing": false
  },
  "C:\\Users\\EASY COMPUTERS\\MindYourStep\\assets\\cocos\\animations\\cocos_anim_hurt.gltf": {
    "time": 1686821531000,
    "uuid": "cb2cc463-6e7a-4d17-9247-bea8f3cf7bb1",
    "missing": false
  },
  "C:\\Users\\EASY COMPUTERS\\MindYourStep\\assets\\cocos\\animations\\cocos_anim_jump.bin": {
    "time": 1686821531000,
    "uuid": "33a7dcc9-4eed-4d49-baac-d190c3d2a157",
    "missing": false
  },
  "C:\\Users\\EASY COMPUTERS\\MindYourStep\\assets\\cocos\\animations\\cocos_anim_run.bin": {
    "time": 1686821531000,
    "uuid": "f1d8a0c8-d2d8-473f-a769-803842978f68",
    "missing": false
  },
  "C:\\Users\\EASY COMPUTERS\\MindYourStep\\assets\\cocos\\animations\\cocos_anim_shoot.bin": {
    "time": 1686821531000,
    "uuid": "a9e047be-e87a-43d9-bbd5-1b3f5dbe2026",
    "missing": false
  },
  "C:\\Users\\EASY COMPUTERS\\MindYourStep\\assets\\cocos\\animations\\cocos_anim_idle.gltf": {
    "time": 1686821531000,
    "uuid": "445d5d9d-c56b-4528-bc90-c847357e5d94",
    "missing": false
  },
  "C:\\Users\\EASY COMPUTERS\\MindYourStep\\assets\\cocos\\animations\\cocos_anim_jump.gltf": {
    "time": 1686821531000,
    "uuid": "501da3c5-f2d8-45f7-bc04-5130d58811ff",
    "missing": false
  },
  "C:\\Users\\EASY COMPUTERS\\MindYourStep\\assets\\cocos\\animations\\cocos_anim_squat.bin": {
    "time": 1686821531000,
    "uuid": "7290f264-a898-4355-8041-8514dbd0051f",
    "missing": false
  },
  "C:\\Users\\EASY COMPUTERS\\MindYourStep\\assets\\cocos\\animations\\cocos_anim_run.gltf": {
    "time": 1686821531000,
    "uuid": "50735e20-7211-4e9c-b676-4d648cdc0cbb",
    "missing": false
  },
  "C:\\Users\\EASY COMPUTERS\\MindYourStep\\assets\\cocos\\animations\\cocos_anim_walk.bin": {
    "time": 1686821531000,
    "uuid": "e08b2140-55f5-4d1f-af55-565183504a80",
    "missing": false
  },
  "C:\\Users\\EASY COMPUTERS\\MindYourStep\\assets\\cocos\\animations\\cocos_anim_shoot.gltf": {
    "time": 1686821531000,
    "uuid": "1cf73293-3e10-49c1-bfa1-59daaadbd18b",
    "missing": false
  },
  "C:\\Users\\EASY COMPUTERS\\MindYourStep\\assets\\cocos\\animations\\cocos_anim_squat.gltf": {
    "time": 1686821531000,
    "uuid": "58c9fdbf-de49-4141-83fa-9ad83f78591c",
    "missing": false
  },
  "C:\\Users\\EASY COMPUTERS\\MindYourStep\\assets\\cocos\\animations\\cocos_anim_walk.gltf": {
    "time": 1686821531000,
    "uuid": "b1cb32e6-c8c9-40c9-9d52-119dae416b32",
    "missing": false
  }
}
